thisN,thisTrialN,thisRepN,mouse.x,mouse.y,mouse.leftButton,mouse.midButton,mouse.rightButton,mouse.time,mouse.clicked_name,trials.thisRepN,trials.thisTrialN,trials.thisN,trials.thisIndex,thisRow.t,notes,num_distr,trial.started,fixation.started,target.started,mouse.started,trial.stopped,trials.mouse.x,trials.mouse.y,trials.mouse.leftButton,trials.mouse.midButton,trials.mouse.rightButton,trials.mouse.time,trials.mouse.clicked_name,participant,session,date,expName,expVersion,psychopyVersion,frameRate,expStart,
0,0,0,[np.float64(0.3325)],[np.float64(-0.3875)],[1],[0],[0],[1.88065700000152],['target'],0,0,0,0,0.031529700034298,,10,0.01916030002757907,0.031529700034298,0.031529700034298,0.019181499956175685,1.8998778000241145,[np.float64(0.3325)],[np.float64(-0.3875)],[1],[0],[0],[1.88065700000152],['target'],P_02,001,2025-09-28_19h23.25.518,Visual search experiment,,2025.1.1,60.51539751690823,2025-09-28 19h23.39.601027 +0530,
1,0,1,[np.float64(-0.21625)],[np.float64(-0.0225)],[1],[0],[0],[1.2175141999032348],['target'],1,0,1,0,1.9309249999932945,,10,1.9146487000398338,1.9309249999932945,1.9309249999932945,0.014652700047008693,3.13221790001262,[np.float64(-0.21625)],[np.float64(-0.0225)],[1],[0],[0],[1.2175141999032348],['target'],P_02,001,2025-09-28_19h23.25.518,Visual search experiment,,2025.1.1,60.51539751690823,2025-09-28 19h23.39.601027 +0530,
2,0,2,[np.float64(0.15875)],[np.float64(0.43375)],[1],[0],[0],[1.3852270999923348],['target'],2,0,2,0,3.164260799996555,,10,3.1469415000174195,3.164260799996555,3.164260799996555,0.014609600068069994,4.532218600041233,[np.float64(0.15875)],[np.float64(0.43375)],[1],[0],[0],[1.3852270999923348],['target'],P_02,001,2025-09-28_19h23.25.518,Visual search experiment,,2025.1.1,60.51539751690823,2025-09-28 19h23.39.601027 +0530,
3,0,3,[np.float64(-0.275)],[np.float64(-0.375)],[1],[0],[0],[1.7190258000046015],['target'],3,0,3,0,4.564075500005856,,10,4.546764699975029,4.564075500005856,4.564075500005856,0.01443690003361553,6.265841200016439,[np.float64(-0.275)],[np.float64(-0.375)],[1],[0],[0],[1.7190258000046015],['target'],P_02,001,2025-09-28_19h23.25.518,Visual search experiment,,2025.1.1,60.51539751690823,2025-09-28 19h23.39.601027 +0530,
4,0,4,[np.float64(0.41)],[np.float64(0.4075)],[1],[0],[0],[1.5017541999695823],['target'],4,0,4,0,6.297174000064842,,10,6.280168200028129,6.297174000064842,6.297174000064842,0.01421320007648319,7.781972600030713,[np.float64(0.41)],[np.float64(0.4075)],[1],[0],[0],[1.5017541999695823],['target'],P_02,001,2025-09-28_19h23.25.518,Visual search experiment,,2025.1.1,60.51539751690823,2025-09-28 19h23.39.601027 +0530,
5,0,5,[np.float64(-0.225)],[np.float64(-0.455)],[1],[0],[0],[1.4577669000718743],['target'],5,0,5,0,7.797008799971081,,5,7.790036999969743,7.797008799971081,7.797008799971081,0.007956199930049479,9.247849900042638,[np.float64(-0.225)],[np.float64(-0.455)],[1],[0],[0],[1.4577669000718743],['target'],P_02,001,2025-09-28_19h23.25.518,Visual search experiment,,2025.1.1,60.51539751690823,2025-09-28 19h23.39.601027 +0530,
6,0,6,"[np.float64(0.44), np.float64(0.4525)]","[np.float64(-0.395), np.float64(-0.415)]","[1, 1]","[0, 0]","[0, 0]","[1.4856470000231639, 2.3690364999929443]","[None, 'target']",6,0,6,0,9.279317600070499,,10,9.26256020006258,9.279317600070499,9.279317600070499,0.014614699990488589,11.631652100011706,"[np.float64(0.44), np.float64(0.4525)]","[np.float64(-0.395), np.float64(-0.415)]","[1, 1]","[0, 0]","[0, 0]","[1.4856470000231639, 2.3690364999929443]","[None, 'target']",P_02,001,2025-09-28_19h23.25.518,Visual search experiment,,2025.1.1,60.51539751690823,2025-09-28 19h23.39.601027 +0530,
7,0,7,[np.float64(0.23625)],[np.float64(0.05625)],[1],[0],[0],[1.1904762999620289],['target'],7,0,7,0,11.646374000003561,,5,11.640232400037348,11.646374000003561,11.646374000003561,0.008443300030194223,12.830755700008012,[np.float64(0.23625)],[np.float64(0.05625)],[1],[0],[0],[1.1904762999620289],['target'],P_02,001,2025-09-28_19h23.25.518,Visual search experiment,,2025.1.1,60.51539751690823,2025-09-28 19h23.39.601027 +0530,
8,0,8,[np.float64(0.28875)],[np.float64(0.32)],[1],[0],[0],[1.0914974000770599],['target'],8,0,8,0,12.846459200023673,,5,12.838820700068027,12.846459200023673,12.846459200023673,0.007972499937750399,13.930370400077663,[np.float64(0.28875)],[np.float64(0.32)],[1],[0],[0],[1.0914974000770599],['target'],P_02,001,2025-09-28_19h23.25.518,Visual search experiment,,2025.1.1,60.51539751690823,2025-09-28 19h23.39.601027 +0530,
9,0,9,[np.float64(0.505)],[np.float64(-0.3075)],[1],[0],[0],[1.358367000008002],['target'],9,0,9,0,13.946065700030886,,5,13.938610500073992,13.946065700030886,13.946065700030886,0.008140399935655296,15.297025399981067,[np.float64(0.505)],[np.float64(-0.3075)],[1],[0],[0],[1.358367000008002],['target'],P_02,001,2025-09-28_19h23.25.518,Visual search experiment,,2025.1.1,60.51539751690823,2025-09-28 19h23.39.601027 +0530,
10,0,10,[np.float64(-0.13)],[np.float64(0.15)],[1],[0],[0],[1.6080608000047505],['target'],10,0,10,0,15.312708200071938,,5,15.305316500016488,15.312708200071938,15.312708200071938,0.008190999971702695,16.91346650000196,[np.float64(-0.13)],[np.float64(0.15)],[1],[0],[0],[1.6080608000047505],['target'],P_02,001,2025-09-28_19h23.25.518,Visual search experiment,,2025.1.1,60.51539751690823,2025-09-28 19h23.39.601027 +0530,
11,0,11,"[np.float64(-0.44625), np.float64(-0.455)]","[np.float64(-0.315), np.float64(-0.33375)]","[1, 1]","[0, 0]","[0, 0]","[1.4917529999511316, 2.4748733999440446]","[None, 'target']",11,0,11,0,16.929923900053836,,5,16.92149660002906,16.929923900053836,16.929923900053836,0.007930300082080066,19.39643530000467,"[np.float64(-0.44625), np.float64(-0.455)]","[np.float64(-0.315), np.float64(-0.33375)]","[1, 1]","[0, 0]","[0, 0]","[1.4917529999511316, 2.4748733999440446]","[None, 'target']",P_02,001,2025-09-28_19h23.25.518,Visual search experiment,,2025.1.1,60.51539751690823,2025-09-28 19h23.39.601027 +0530,
12,0,12,[np.float64(-0.19125)],[np.float64(-0.02375)],[1],[0],[0],[1.2912248999346048],['target'],12,0,12,0,19.411618800018914,,5,19.405044200015254,19.411618800018914,19.411618800018914,0.00848359998781234,20.696316400077194,[np.float64(-0.19125)],[np.float64(-0.02375)],[1],[0],[0],[1.2912248999346048],['target'],P_02,001,2025-09-28_19h23.25.518,Visual search experiment,,2025.1.1,60.51539751690823,2025-09-28 19h23.39.601027 +0530,
13,0,13,[np.float64(0.2875)],[np.float64(-0.38375)],[1],[0],[0],[1.6412288000574335],['target'],13,0,13,0,20.7112930000294,,5,20.704468099982478,20.7112930000294,20.7112930000294,0.008058200008235872,22.345743600046262,[np.float64(0.2875)],[np.float64(-0.38375)],[1],[0],[0],[1.6412288000574335],['target'],P_02,001,2025-09-28_19h23.25.518,Visual search experiment,,2025.1.1,60.51539751690823,2025-09-28 19h23.39.601027 +0530,
14,0,14,[np.float64(0.0725)],[np.float64(0.38875)],[1],[0],[0],[1.45821990002878],['target'],14,0,14,0,22.36130079999566,,5,22.353886500000954,22.36130079999566,22.36130079999566,0.008050699951127172,23.812154700048268,[np.float64(0.0725)],[np.float64(0.38875)],[1],[0],[0],[1.45821990002878],['target'],P_02,001,2025-09-28_19h23.25.518,Visual search experiment,,2025.1.1,60.51539751690823,2025-09-28 19h23.39.601027 +0530,
15,0,15,[np.float64(-0.50375)],[np.float64(0.17625)],[1],[0],[0],[1.3849442000500858],['target'],15,0,15,0,23.845114800031297,,10,23.827265599975362,23.845114800031297,23.845114800031297,0.015017999918200076,25.212257700040936,[np.float64(-0.50375)],[np.float64(0.17625)],[1],[0],[0],[1.3849442000500858],['target'],P_02,001,2025-09-28_19h23.25.518,Visual search experiment,,2025.1.1,60.51539751690823,2025-09-28 19h23.39.601027 +0530,
16,0,16,[np.float64(-0.015)],[np.float64(-0.2325)],[1],[0],[0],[1.6686947999987751],['target'],16,0,16,0,25.243694700067863,,10,25.226737500051968,25.243694700067863,25.243694700067863,0.014365300070494413,26.895482799969614,[np.float64(-0.015)],[np.float64(-0.2325)],[1],[0],[0],[1.6686947999987751],['target'],P_02,001,2025-09-28_19h23.25.518,Visual search experiment,,2025.1.1,60.51539751690823,2025-09-28 19h23.39.601027 +0530,
17,0,17,[np.float64(0.06625)],[np.float64(-0.175)],[1],[0],[0],[1.1910693000536412],['target'],17,0,17,0,26.910720300045796,,5,26.903954099980183,26.910720300045796,26.910720300045796,0.008358599967323244,28.095070200040936,[np.float64(0.06625)],[np.float64(-0.175)],[1],[0],[0],[1.1910693000536412],['target'],P_02,001,2025-09-28_19h23.25.518,Visual search experiment,,2025.1.1,60.51539751690823,2025-09-28 19h23.39.601027 +0530,
18,0,18,[np.float64(0.2875)],[np.float64(-0.20875)],[1],[0],[0],[1.4515079000266269],['target'],18,0,18,0,28.12641640007496,,10,28.109536200063303,28.12641640007496,28.12641640007496,0.014354299986734986,29.56109380000271,[np.float64(0.2875)],[np.float64(-0.20875)],[1],[0],[0],[1.4515079000266269],['target'],P_02,001,2025-09-28_19h23.25.518,Visual search experiment,,2025.1.1,60.51539751690823,2025-09-28 19h23.39.601027 +0530,
19,0,19,[np.float64(0.1325)],[np.float64(-0.30375)],[1],[0],[0],[1.2769310999428853],['target'],19,0,19,0,29.577071900013834,,5,29.568430299987085,29.577071900013834,29.577071900013834,0.007220699917525053,30.845424400060438,[np.float64(0.1325)],[np.float64(-0.30375)],[1],[0],[0],[1.2769310999428853],['target'],P_02,001,2025-09-28_19h23.25.518,Visual search experiment,,2025.1.1,60.51539751690823,2025-09-28 19h23.39.601027 +0530,
20,0,20,[np.float64(-0.29625)],[np.float64(0.34375)],[1],[0],[0],[1.682898600003682],['target'],20,0,20,0,30.876251799985766,,10,30.861315099988133,30.876251799985766,30.876251799985766,0.015800400055013597,32.54426500003319,[np.float64(-0.29625)],[np.float64(0.34375)],[1],[0],[0],[1.682898600003682],['target'],P_02,001,2025-09-28_19h23.25.518,Visual search experiment,,2025.1.1,60.51539751690823,2025-09-28 19h23.39.601027 +0530,
21,0,21,[np.float64(0.23875)],[np.float64(0.36375)],[1],[0],[0],[1.402245899895206],['target'],21,0,21,0,32.57557350001298,,10,32.558392900042236,32.57557350001298,32.57557350001298,0.014007000019773841,33.960685900063254,[np.float64(0.23875)],[np.float64(0.36375)],[1],[0],[0],[1.402245899895206],['target'],P_02,001,2025-09-28_19h23.25.518,Visual search experiment,,2025.1.1,60.51539751690823,2025-09-28 19h23.39.601027 +0530,
22,0,22,[np.float64(-0.0325)],[np.float64(0.445)],[1],[0],[0],[1.2925661000190303],['target'],22,0,22,0,33.9758950000396,,5,33.967969199991785,33.9758950000396,33.9758950000396,0.007178599946200848,35.26058660005219,[np.float64(-0.0325)],[np.float64(0.445)],[1],[0],[0],[1.2925661000190303],['target'],P_02,001,2025-09-28_19h23.25.518,Visual search experiment,,2025.1.1,60.51539751690823,2025-09-28 19h23.39.601027 +0530,
23,0,23,[np.float64(-0.04875)],[np.float64(-0.30125)],[1],[0],[0],[1.5254502999596298],['target'],23,0,23,0,35.27595320006367,,5,35.26784730004147,35.27595320006367,35.27595320006367,0.007169599994085729,36.79334540001582,[np.float64(-0.04875)],[np.float64(-0.30125)],[1],[0],[0],[1.5254502999596298],['target'],P_02,001,2025-09-28_19h23.25.518,Visual search experiment,,2025.1.1,60.51539751690823,2025-09-28 19h23.39.601027 +0530,
24,0,24,[np.float64(-0.085)],[np.float64(0.055)],[1],[0],[0],[1.3586737998994067],['target'],24,0,24,0,36.809315599966794,,5,36.80140520003624,36.809315599966794,36.809315599966794,0.007957700057886541,38.16014010005165,[np.float64(-0.085)],[np.float64(0.055)],[1],[0],[0],[1.3586737998994067],['target'],P_02,001,2025-09-28_19h23.25.518,Visual search experiment,,2025.1.1,60.51539751690823,2025-09-28 19h23.39.601027 +0530,
25,0,25,[np.float64(-0.19625)],[np.float64(0.07625)],[1],[0],[0],[1.4019640000769868],['target'],25,0,25,0,38.191463400027715,,10,38.17459609999787,38.191463400027715,38.191463400027715,0.014358500018715858,39.57660719996784,[np.float64(-0.19625)],[np.float64(0.07625)],[1],[0],[0],[1.4019640000769868],['target'],P_02,001,2025-09-28_19h23.25.518,Visual search experiment,,2025.1.1,60.51539751690823,2025-09-28 19h23.39.601027 +0530,
26,0,26,[np.float64(-0.18625)],[np.float64(-0.44375)],[1],[0],[0],[1.9519992000423372],['target'],26,0,26,0,39.607865200028755,,10,39.59062290005386,39.607865200028755,39.607865200028755,0.013903900049626827,41.54268269997556,[np.float64(-0.18625)],[np.float64(-0.44375)],[1],[0],[0],[1.9519992000423372],['target'],P_02,001,2025-09-28_19h23.25.518,Visual search experiment,,2025.1.1,60.51539751690823,2025-09-28 19h23.39.601027 +0530,
27,0,27,[np.float64(0.40125)],[np.float64(0.1175)],[1],[0],[0],[2.1086394999874756],['target'],27,0,27,0,41.55847559997346,,5,41.5501981000416,41.55847559997346,41.55847559997346,0.007374599925242364,43.658889100071974,[np.float64(0.40125)],[np.float64(0.1175)],[1],[0],[0],[2.1086394999874756],['target'],P_02,001,2025-09-28_19h23.25.518,Visual search experiment,,2025.1.1,60.51539751690823,2025-09-28 19h23.39.601027 +0530,
28,0,28,[np.float64(0.13625)],[np.float64(0.40625)],[1],[0],[0],[1.1679684999398887],['target'],28,0,28,0,43.69019800005481,,10,43.673847700003535,43.69019800005481,43.69019800005481,0.01486500003375113,44.841876100050285,[np.float64(0.13625)],[np.float64(0.40625)],[1],[0],[0],[1.1679684999398887],['target'],P_02,001,2025-09-28_19h23.25.518,Visual search experiment,,2025.1.1,60.51539751690823,2025-09-28 19h23.39.601027 +0530,
29,0,29,[np.float64(-0.07125)],[np.float64(0.29)],[1],[0],[0],[1.1516120999585837],['target'],29,0,29,0,44.873486800002865,,10,44.85662019997835,44.873486800002865,44.873486800002865,0.01461750001180917,46.008287800010294,[np.float64(-0.07125)],[np.float64(0.29)],[1],[0],[0],[1.1516120999585837],['target'],P_02,001,2025-09-28_19h23.25.518,Visual search experiment,,2025.1.1,60.51539751690823,2025-09-28 19h23.39.601027 +0530,
30,0,30,[np.float64(0.1975)],[np.float64(0.28125)],[1],[0],[0],[1.2033100000116974],['target'],30,0,30,0,46.04008750000503,,10,46.022231100010686,46.04008750000503,46.04008750000503,0.013831699965521693,47.22559190005995,[np.float64(0.1975)],[np.float64(0.28125)],[1],[0],[0],[1.2033100000116974],['target'],P_02,001,2025-09-28_19h23.25.518,Visual search experiment,,2025.1.1,60.51539751690823,2025-09-28 19h23.39.601027 +0530,
31,0,31,[np.float64(0.01375)],[np.float64(-0.01375)],[1],[0],[0],[1.701863000052981],['target'],31,0,31,0,47.2567965000635,,10,47.23930420004763,47.2567965000635,47.2567965000635,0.013599300058558583,48.94121850002557,[np.float64(0.01375)],[np.float64(-0.01375)],[1],[0],[0],[1.701863000052981],['target'],P_02,001,2025-09-28_19h23.25.518,Visual search experiment,,2025.1.1,60.51539751690823,2025-09-28 19h23.39.601027 +0530,
32,0,32,[np.float64(-0.16875)],[np.float64(-0.365)],[1],[0],[0],[1.9170604000100866],['target'],32,0,32,0,48.97278990002815,,10,48.95741859998088,48.97278990002815,48.97278990002815,0.016099800006486475,50.87452509999275,[np.float64(-0.16875)],[np.float64(-0.365)],[1],[0],[0],[1.9170604000100866],['target'],P_02,001,2025-09-28_19h23.25.518,Visual search experiment,,2025.1.1,60.51539751690823,2025-09-28 19h23.39.601027 +0530,
33,0,33,[np.float64(-0.4375)],[np.float64(-0.37875)],[1],[0],[0],[1.701534099993296],['target'],33,0,33,0,50.90599860006478,,10,50.88880189997144,50.90599860006478,50.90599860006478,0.014146300032734871,52.59039510006551,[np.float64(-0.4375)],[np.float64(-0.37875)],[1],[0],[0],[1.701534099993296],['target'],P_02,001,2025-09-28_19h23.25.518,Visual search experiment,,2025.1.1,60.51539751690823,2025-09-28 19h23.39.601027 +0530,
34,0,34,"[np.float64(-0.07125), np.float64(-0.08875)]","[np.float64(-0.29), np.float64(-0.2975)]","[1, 1]","[0, 0]","[0, 0]","[1.2085952999768779, 2.1082137000048533]","[None, 'target']",34,0,34,0,52.60671980003826,,5,52.59866170003079,52.60671980003826,52.60671980003826,0.00809979997575283,54.70692320005037,"[np.float64(-0.07125), np.float64(-0.08875)]","[np.float64(-0.29), np.float64(-0.2975)]","[1, 1]","[0, 0]","[0, 0]","[1.2085952999768779, 2.1082137000048533]","[None, 'target']",P_02,001,2025-09-28_19h23.25.518,Visual search experiment,,2025.1.1,60.51539751690823,2025-09-28 19h23.39.601027 +0530,
35,0,35,[np.float64(-0.42875)],[np.float64(0.27875)],[1],[0],[0],[1.4074619999155402],['target'],35,0,35,0,54.722070900024846,,5,54.71539170003962,54.722070900024846,54.722070900024846,0.008358500082977116,56.12289920006879,[np.float64(-0.42875)],[np.float64(0.27875)],[1],[0],[0],[1.4074619999155402],['target'],P_02,001,2025-09-28_19h23.25.518,Visual search experiment,,2025.1.1,60.51539751690823,2025-09-28 19h23.39.601027 +0530,
36,0,36,[np.float64(-0.0725)],[np.float64(0.4825)],[1],[0],[0],[1.3509298000717536],['target'],36,0,36,0,56.15518750005867,,10,56.138435399974696,56.15518750005867,56.15518750005867,0.015394799993373454,57.48941909999121,[np.float64(-0.0725)],[np.float64(0.4825)],[1],[0],[0],[1.3509298000717536],['target'],P_02,001,2025-09-28_19h23.25.518,Visual search experiment,,2025.1.1,60.51539751690823,2025-09-28 19h23.39.601027 +0530,
37,0,37,[np.float64(0.2775)],[np.float64(0.4)],[1],[0],[0],[1.0921271999832243],['target'],37,0,37,0,57.50509900006,,5,57.49757700006012,57.50509900006,57.50509900006,0.008018200052902102,58.589751700055785,[np.float64(0.2775)],[np.float64(0.4)],[1],[0],[0],[1.0921271999832243],['target'],P_02,001,2025-09-28_19h23.25.518,Visual search experiment,,2025.1.1,60.51539751690823,2025-09-28 19h23.39.601027 +0530,
38,0,38,"[np.float64(-0.4975), np.float64(-0.48375)]","[np.float64(-0.0775), np.float64(-0.075)]","[1, 1]","[0, 0]","[0, 0]","[1.27474860008806, 2.0911024000961334]","[None, 'target']",38,0,38,0,58.605110300006345,,5,58.59800700005144,58.605110300006345,58.605110300006345,0.008155800052918494,60.6891648999881,"[np.float64(-0.4975), np.float64(-0.48375)]","[np.float64(-0.0775), np.float64(-0.075)]","[1, 1]","[0, 0]","[0, 0]","[1.27474860008806, 2.0911024000961334]","[None, 'target']",P_02,001,2025-09-28_19h23.25.518,Visual search experiment,,2025.1.1,60.51539751690823,2025-09-28 19h23.39.601027 +0530,
39,0,39,[np.float64(0.3675)],[np.float64(0.48625)],[1],[0],[0],[1.868026899988763],['target'],39,0,39,0,60.720866800053045,,10,60.70426899997983,60.720866800053045,60.720866800053045,0.01494939997792244,62.572355700074695,[np.float64(0.3675)],[np.float64(0.48625)],[1],[0],[0],[1.868026899988763],['target'],P_02,001,2025-09-28_19h23.25.518,Visual search experiment,,2025.1.1,60.51539751690823,2025-09-28 19h23.39.601027 +0530,
40,0,40,"[np.float64(0.3425), np.float64(0.31875)]","[np.float64(0.14), np.float64(0.14)]","[1, 1]","[0, 0]","[0, 0]","[2.567455100012012, 3.3675138000398874]","[None, 'target']",40,0,40,0,62.603635500068776,,10,62.587664199993014,62.603635500068776,62.603635500068776,0.015168300014920533,65.9552335999906,"[np.float64(0.3425), np.float64(0.31875)]","[np.float64(0.14), np.float64(0.14)]","[1, 1]","[0, 0]","[0, 0]","[2.567455100012012, 3.3675138000398874]","[None, 'target']",P_02,001,2025-09-28_19h23.25.518,Visual search experiment,,2025.1.1,60.51539751690823,2025-09-28 19h23.39.601027 +0530,
41,0,41,[np.float64(0.46375)],[np.float64(0.47625)],[1],[0],[0],[1.1682711000321433],['target'],41,0,41,0,65.98705500003416,,10,65.9704638000112,65.98705500003416,65.98705500003416,0.015079200034961104,67.13878310006112,[np.float64(0.46375)],[np.float64(0.47625)],[1],[0],[0],[1.1682711000321433],['target'],P_02,001,2025-09-28_19h23.25.518,Visual search experiment,,2025.1.1,60.51539751690823,2025-09-28 19h23.39.601027 +0530,
42,0,42,[np.float64(0.01625)],[np.float64(-0.4325)],[1],[0],[0],[1.9911396000534296],['target'],42,0,42,0,67.15356530004647,,5,67.14682350005023,67.15356530004647,67.15356530004647,0.00792970007751137,69.13801070000045,[np.float64(0.01625)],[np.float64(-0.4325)],[1],[0],[0],[1.9911396000534296],['target'],P_02,001,2025-09-28_19h23.25.518,Visual search experiment,,2025.1.1,60.51539751690823,2025-09-28 19h23.39.601027 +0530,
43,0,43,[np.float64(0.195)],[np.float64(-0.3625)],[1],[0],[0],[1.207914000027813],['target'],43,0,43,0,69.15363179997075,,5,69.14618460007478,69.15363179997075,69.15363179997075,0.008074899902567267,70.35414569999557,[np.float64(0.195)],[np.float64(-0.3625)],[1],[0],[0],[1.207914000027813],['target'],P_02,001,2025-09-28_19h23.25.518,Visual search experiment,,2025.1.1,60.51539751690823,2025-09-28 19h23.39.601027 +0530,
44,0,44,[np.float64(-0.22875)],[np.float64(-0.2475)],[1],[0],[0],[1.3421160000143573],['target'],44,0,44,0,70.37003250000998,,5,70.36236909998115,70.37003250000998,70.37003250000998,0.00813109998125583,71.7045317000011,[np.float64(-0.22875)],[np.float64(-0.2475)],[1],[0],[0],[1.3421160000143573],['target'],P_02,001,2025-09-28_19h23.25.518,Visual search experiment,,2025.1.1,60.51539751690823,2025-09-28 19h23.39.601027 +0530,
45,0,45,[np.float64(0.21875)],[np.float64(0.31)],[1],[0],[0],[1.8014429999748245],['target'],45,0,45,0,71.73608539998531,,10,71.71952859999146,71.73608539998531,71.73608539998531,0.014902299968525767,73.52102560002822,[np.float64(0.21875)],[np.float64(0.31)],[1],[0],[0],[1.8014429999748245],['target'],P_02,001,2025-09-28_19h23.25.518,Visual search experiment,,2025.1.1,60.51539751690823,2025-09-28 19h23.39.601027 +0530,
46,0,46,[np.float64(-0.26)],[np.float64(0.07125)],[1],[0],[0],[8.686424499959685],['target'],46,0,46,0,73.55194280005526,,10,73.53472100000363,73.55194280005526,73.55194280005526,0.013598100049421191,82.22122720000334,[np.float64(-0.26)],[np.float64(0.07125)],[1],[0],[0],[8.686424499959685],['target'],P_02,001,2025-09-28_19h23.25.518,Visual search experiment,,2025.1.1,60.51539751690823,2025-09-28 19h23.39.601027 +0530,
47,0,47,[np.float64(0.18375)],[np.float64(0.3825)],[1],[0],[0],[1.568298599915579],['target'],47,0,47,0,82.26506090001203,,10,82.25214220001362,82.26506090001203,82.26506090001203,0.030726200086064637,83.82051290001255,[np.float64(0.18375)],[np.float64(0.3825)],[1],[0],[0],[1.568298599915579],['target'],P_02,001,2025-09-28_19h23.25.518,Visual search experiment,,2025.1.1,60.51539751690823,2025-09-28 19h23.39.601027 +0530,
48,0,48,[np.float64(-0.415)],[np.float64(0.45375)],[1],[0],[0],[2.039647400029935],['target'],48,0,48,0,83.88664819998667,,10,83.86236210004427,83.88664819998667,83.88664819998667,0.04168359993491322,85.90203630004544,[np.float64(-0.415)],[np.float64(0.45375)],[1],[0],[0],[2.039647400029935],['target'],P_02,001,2025-09-28_19h23.25.518,Visual search experiment,,2025.1.1,60.51539751690823,2025-09-28 19h23.39.601027 +0530,
49,0,49,"[np.float64(0.05875), np.float64(0.07625)]","[np.float64(0.3325), np.float64(0.3325)]","[1, 1]","[0, 0]","[0, 0]","[1.9415365000022575, 3.04134650004562]","[None, 'target']",49,0,49,0,85.91738890006673,,5,85.91010290000122,85.91738890006673,85.91738890006673,0.00794729997869581,88.95149650005624,"[np.float64(0.05875), np.float64(0.07625)]","[np.float64(0.3325), np.float64(0.3325)]","[1, 1]","[0, 0]","[0, 0]","[1.9415365000022575, 3.04134650004562]","[None, 'target']",P_02,001,2025-09-28_19h23.25.518,Visual search experiment,,2025.1.1,60.51539751690823,2025-09-28 19h23.39.601027 +0530,
50,0,50,[np.float64(0.4)],[np.float64(0.2375)],[1],[0],[0],[1.3185506999725476],['target'],50,0,50,0,88.9828413000796,,10,88.9666145000374,88.9828413000796,88.9828413000796,0.015006399946287274,90.28521900007036,[np.float64(0.4)],[np.float64(0.2375)],[1],[0],[0],[1.3185506999725476],['target'],P_02,001,2025-09-28_19h23.25.518,Visual search experiment,,2025.1.1,60.51539751690823,2025-09-28 19h23.39.601027 +0530,
51,0,51,[np.float64(-0.0325)],[np.float64(-0.015)],[1],[0],[0],[1.3524560000514612],['target'],51,0,51,0,90.3164174000267,,10,90.29957679996733,90.3164174000267,90.3164174000267,0.014244199963286519,91.65210840001237,[np.float64(-0.0325)],[np.float64(-0.015)],[1],[0],[0],[1.3524560000514612],['target'],P_02,001,2025-09-28_19h23.25.518,Visual search experiment,,2025.1.1,60.51539751690823,2025-09-28 19h23.39.601027 +0530,
52,0,52,[np.float64(-0.25875)],[np.float64(-0.1625)],[1],[0],[0],[1.341280100052245],['target'],52,0,52,0,91.66636689996812,,5,91.65933589998167,91.66636689996812,91.66636689996812,0.007073699962347746,93.0006687999703,[np.float64(-0.25875)],[np.float64(-0.1625)],[1],[0],[0],[1.341280100052245],['target'],P_02,001,2025-09-28_19h23.25.518,Visual search experiment,,2025.1.1,60.51539751690823,2025-09-28 19h23.39.601027 +0530,
53,0,53,[np.float64(-0.035)],[np.float64(-0.30875)],[1],[0],[0],[1.2520396000472829],['target'],53,0,53,0,93.03193860000465,,10,93.01556069997605,93.03193860000465,93.03193860000465,0.014798499993048608,94.26764860004187,[np.float64(-0.035)],[np.float64(-0.30875)],[1],[0],[0],[1.2520396000472829],['target'],P_02,001,2025-09-28_19h23.25.518,Visual search experiment,,2025.1.1,60.51539751690823,2025-09-28 19h23.39.601027 +0530,
54,0,54,[np.float64(-0.02375)],[np.float64(-0.0175)],[1],[0],[0],[1.6243252999847755],['target'],54,0,54,0,94.28246620006394,,5,94.27585630002432,94.28246620006394,94.28246620006394,0.008096300065517426,95.90023180004209,[np.float64(-0.02375)],[np.float64(-0.0175)],[1],[0],[0],[1.6243252999847755],['target'],P_02,001,2025-09-28_19h23.25.518,Visual search experiment,,2025.1.1,60.51539751690823,2025-09-28 19h23.39.601027 +0530,
55,0,55,[np.float64(-0.47125)],[np.float64(0.2125)],[1],[0],[0],[1.459201299934648],['target'],55,0,55,0,95.9155996000627,,5,95.90820800000802,95.9155996000627,95.9155996000627,0.007882199948653579,97.36746840004344,[np.float64(-0.47125)],[np.float64(0.2125)],[1],[0],[0],[1.459201299934648],['target'],P_02,001,2025-09-28_19h23.25.518,Visual search experiment,,2025.1.1,60.51539751690823,2025-09-28 19h23.39.601027 +0530,
56,0,56,[np.float64(0.39)],[np.float64(0.265)],[1],[0],[0],[1.5909290000563487],['target'],56,0,56,0,97.38171280000824,,5,97.37574030004907,97.38171280000824,97.38171280000824,0.008172900066711009,98.96671960002277,[np.float64(0.39)],[np.float64(0.265)],[1],[0],[0],[1.5909290000563487],['target'],P_02,001,2025-09-28_19h23.25.518,Visual search experiment,,2025.1.1,60.51539751690823,2025-09-28 19h23.39.601027 +0530,
57,0,57,[np.float64(-0.465)],[np.float64(0.455)],[1],[0],[0],[1.5247051999904215],['target'],57,0,57,0,98.9817052000435,,5,98.9748655000003,98.9817052000435,98.9817052000435,0.008049099938943982,100.49961810000241,[np.float64(-0.465)],[np.float64(0.455)],[1],[0],[0],[1.5247051999904215],['target'],P_02,001,2025-09-28_19h23.25.518,Visual search experiment,,2025.1.1,60.51539751690823,2025-09-28 19h23.39.601027 +0530,
58,0,58,[np.float64(-0.485)],[np.float64(-0.16875)],[1],[0],[0],[1.6090224999934435],['target'],58,0,58,0,100.51560400007293,,5,100.5076319000218,100.51560400007293,100.51560400007293,0.00792230002116412,102.11670340003911,[np.float64(-0.485)],[np.float64(-0.16875)],[1],[0],[0],[1.6090224999934435],['target'],P_02,001,2025-09-28_19h23.25.518,Visual search experiment,,2025.1.1,60.51539751690823,2025-09-28 19h23.39.601027 +0530,
59,0,59,[np.float64(-0.295)],[np.float64(0.24875)],[1],[0],[0],[1.3510187999345362],['target'],59,0,59,0,102.14720020000823,,10,102.13153200002853,102.14720020000823,102.14720020000823,0.014735599979758263,103.4825995999854,[np.float64(-0.295)],[np.float64(0.24875)],[1],[0],[0],[1.3510187999345362],['target'],P_02,001,2025-09-28_19h23.25.518,Visual search experiment,,2025.1.1,60.51539751690823,2025-09-28 19h23.39.601027 +0530,
60,0,60,[np.float64(-0.33875)],[np.float64(-0.35625)],[1],[0],[0],[1.4578228000318632],['target'],60,0,60,0,103.4974305999931,,5,103.49062900000717,103.4974305999931,103.4974305999931,0.007918299990706146,104.94849620002788,[np.float64(-0.33875)],[np.float64(-0.35625)],[1],[0],[0],[1.4578228000318632],['target'],P_02,001,2025-09-28_19h23.25.518,Visual search experiment,,2025.1.1,60.51539751690823,2025-09-28 19h23.39.601027 +0530,
61,0,61,[np.float64(0.49)],[np.float64(-0.23375)],[1],[0],[0],[1.8752488000318408],['target'],61,0,61,0,104.96419530001003,,5,104.95668780000415,104.96419530001003,104.96419530001003,0.0080968999536708,106.83198800007813,[np.float64(0.49)],[np.float64(-0.23375)],[1],[0],[0],[1.8752488000318408],['target'],P_02,001,2025-09-28_19h23.25.518,Visual search experiment,,2025.1.1,60.51539751690823,2025-09-28 19h23.39.601027 +0530,
62,0,62,[np.float64(-0.2425)],[np.float64(-0.03)],[1],[0],[0],[1.9005336000118405],['target'],62,0,62,0,106.86329750006553,,10,106.84697569999844,106.86329750006553,106.86329750006553,0.014896700042299926,108.74756310007069,[np.float64(-0.2425)],[np.float64(-0.03)],[1],[0],[0],[1.9005336000118405],['target'],P_02,001,2025-09-28_19h23.25.518,Visual search experiment,,2025.1.1,60.51539751690823,2025-09-28 19h23.39.601027 +0530,
63,0,63,"[np.float64(-0.30625), np.float64(-0.305)]","[np.float64(-0.315), np.float64(-0.335)]","[1, 1]","[0, 0]","[0, 0]","[1.4513273999327794, 2.501074100029655]","[None, 'target']",63,0,63,0,108.7798692000797,,10,108.76310780004133,108.7798692000797,108.7798692000797,0.015416999929584563,111.26422710006591,"[np.float64(-0.30625), np.float64(-0.305)]","[np.float64(-0.315), np.float64(-0.335)]","[1, 1]","[0, 0]","[0, 0]","[1.4513273999327794, 2.501074100029655]","[None, 'target']",P_02,001,2025-09-28_19h23.25.518,Visual search experiment,,2025.1.1,60.51539751690823,2025-09-28 19h23.39.601027 +0530,
64,0,64,[np.float64(0.17125)],[np.float64(0.19)],[1],[0],[0],[1.375292700016871],['target'],64,0,64,0,111.2798877999885,,5,111.27259170007892,111.2798877999885,111.2798877999885,0.008233699947595596,112.6479308999842,[np.float64(0.17125)],[np.float64(0.19)],[1],[0],[0],[1.375292700016871],['target'],P_02,001,2025-09-28_19h23.25.518,Visual search experiment,,2025.1.1,60.51539751690823,2025-09-28 19h23.39.601027 +0530,
65,0,65,[np.float64(-0.135)],[np.float64(0.09)],[1],[0],[0],[1.3345673000440001],['target'],65,0,65,0,112.678720899974,,10,112.66277589998208,112.678720899974,112.678720899974,0.014751499984413385,113.99739090004005,[np.float64(-0.135)],[np.float64(0.09)],[1],[0],[0],[1.3345673000440001],['target'],P_02,001,2025-09-28_19h23.25.518,Visual search experiment,,2025.1.1,60.51539751690823,2025-09-28 19h23.39.601027 +0530,
66,0,66,[np.float64(0.48625)],[np.float64(-0.315)],[1],[0],[0],[1.875511800055392],['target'],66,0,66,0,114.0124807000393,,5,114.005161600071,114.0124807000393,114.0124807000393,0.007656700094230473,115.8807325999951,[np.float64(0.48625)],[np.float64(-0.315)],[1],[0],[0],[1.875511800055392],['target'],P_02,001,2025-09-28_19h23.25.518,Visual search experiment,,2025.1.1,60.51539751690823,2025-09-28 19h23.39.601027 +0530,
67,0,67,[np.float64(-0.16)],[np.float64(0.38875)],[1],[0],[0],[1.641193800023757],['target'],67,0,67,0,115.89600670000073,,5,115.88873660005629,115.89600670000073,115.89600670000073,0.007911400054581463,117.529983800021,[np.float64(-0.16)],[np.float64(0.38875)],[1],[0],[0],[1.641193800023757],['target'],P_02,001,2025-09-28_19h23.25.518,Visual search experiment,,2025.1.1,60.51539751690823,2025-09-28 19h23.39.601027 +0530,
68,0,68,[np.float64(0.4725)],[np.float64(-0.35375)],[1],[0],[0],[1.8091882999287918],['target'],68,0,68,0,117.54573500005063,,5,117.53695670003071,117.54573500005063,117.54573500005063,0.006872300058603287,119.3461915999651,[np.float64(0.4725)],[np.float64(-0.35375)],[1],[0],[0],[1.8091882999287918],['target'],P_02,001,2025-09-28_19h23.25.518,Visual search experiment,,2025.1.1,60.51539751690823,2025-09-28 19h23.39.601027 +0530,
69,0,69,[np.float64(-0.2075)],[np.float64(-0.1225)],[1],[0],[0],[1.3915165999205783],['target'],69,0,69,0,119.36176050000358,,5,119.3541503000306,119.36176050000358,119.36176050000358,0.007867000065743923,120.74571430007927,[np.float64(-0.2075)],[np.float64(-0.1225)],[1],[0],[0],[1.3915165999205783],['target'],P_02,001,2025-09-28_19h23.25.518,Visual search experiment,,2025.1.1,60.51539751690823,2025-09-28 19h23.39.601027 +0530,
70,0,70,"[np.float64(0.12625), np.float64(0.13375)]","[np.float64(0.43625), np.float64(0.415)]","[1, 1]","[0, 0]","[0, 0]","[1.3690294999396428, 2.418312900001183]","[None, 'target']",70,0,70,0,120.77797180006746,,10,120.76076530001592,120.77797180006746,120.77797180006746,0.014938200009055436,123.17912470002193,"[np.float64(0.12625), np.float64(0.13375)]","[np.float64(0.43625), np.float64(0.415)]","[1, 1]","[0, 0]","[0, 0]","[1.3690294999396428, 2.418312900001183]","[None, 'target']",P_02,001,2025-09-28_19h23.25.518,Visual search experiment,,2025.1.1,60.51539751690823,2025-09-28 19h23.39.601027 +0530,
71,0,71,[np.float64(-0.3675)],[np.float64(-0.035)],[1],[0],[0],[1.718171300017275],['target'],71,0,71,0,123.21034540003166,,10,123.19418320001569,123.21034540003166,123.21034540003166,0.014929500059224665,124.91240610007662,[np.float64(-0.3675)],[np.float64(-0.035)],[1],[0],[0],[1.718171300017275],['target'],P_02,001,2025-09-28_19h23.25.518,Visual search experiment,,2025.1.1,60.51539751690823,2025-09-28 19h23.39.601027 +0530,
72,0,72,[np.float64(-0.18875)],[np.float64(0.40625)],[1],[0],[0],[1.451482699951157],['target'],72,0,72,0,124.94379400007892,,10,124.92698240000755,124.94379400007892,124.94379400007892,0.014456799952313304,126.37851130007766,[np.float64(-0.18875)],[np.float64(0.40625)],[1],[0],[0],[1.451482699951157],['target'],P_02,001,2025-09-28_19h23.25.518,Visual search experiment,,2025.1.1,60.51539751690823,2025-09-28 19h23.39.601027 +0530,
73,0,73,[np.float64(-0.3675)],[np.float64(-0.42625)],[1],[0],[0],[2.2353589000413194],['target'],73,0,73,0,126.40986170002725,,10,126.3931018000003,126.40986170002725,126.40986170002725,0.014475999982096255,128.6285112000769,[np.float64(-0.3675)],[np.float64(-0.42625)],[1],[0],[0],[2.2353589000413194],['target'],P_02,001,2025-09-28_19h23.25.518,Visual search experiment,,2025.1.1,60.51539751690823,2025-09-28 19h23.39.601027 +0530,
74,0,74,[np.float64(0.3725)],[np.float64(0.08875)],[1],[0],[0],[1.4570756000466645],['target'],74,0,74,0,128.64419790008105,,5,128.6375133000547,128.64419790008105,128.64419790008105,0.00889559998176992,130.09464690007735,[np.float64(0.3725)],[np.float64(0.08875)],[1],[0],[0],[1.4570756000466645],['target'],P_02,001,2025-09-28_19h23.25.518,Visual search experiment,,2025.1.1,60.51539751690823,2025-09-28 19h23.39.601027 +0530,
75,0,75,"[np.float64(0.51375), np.float64(0.5)]","[np.float64(-0.4575), np.float64(-0.46)]","[1, 1]","[0, 0]","[0, 0]","[2.318876300007105, 3.2178568000672385]","[None, 'target']",75,0,75,0,130.12679640005808,,10,130.1095841000788,130.12679640005808,130.12679640005808,0.01484580000396818,133.32748720003292,"[np.float64(0.51375), np.float64(0.5)]","[np.float64(-0.4575), np.float64(-0.46)]","[1, 1]","[0, 0]","[0, 0]","[2.318876300007105, 3.2178568000672385]","[None, 'target']",P_02,001,2025-09-28_19h23.25.518,Visual search experiment,,2025.1.1,60.51539751690823,2025-09-28 19h23.39.601027 +0530,
76,0,76,[np.float64(0.145)],[np.float64(-0.0825)],[1],[0],[0],[1.7421961000654846],['target'],76,0,76,0,133.3432641000254,,5,133.33590269996785,133.3432641000254,133.3432641000254,0.008282799972221255,135.0781589000253,[np.float64(0.145)],[np.float64(-0.0825)],[1],[0],[0],[1.7421961000654846],['target'],P_02,001,2025-09-28_19h23.25.518,Visual search experiment,,2025.1.1,60.51539751690823,2025-09-28 19h23.39.601027 +0530,
77,0,77,[np.float64(0.4125)],[np.float64(-0.13125)],[1],[0],[0],[2.090878100018017],['target'],77,0,77,0,135.0925843999721,,5,135.08606110000983,135.0925843999721,135.0925843999721,0.007786300033330917,137.1769895000616,[np.float64(0.4125)],[np.float64(-0.13125)],[1],[0],[0],[2.090878100018017],['target'],P_02,001,2025-09-28_19h23.25.518,Visual search experiment,,2025.1.1,60.51539751690823,2025-09-28 19h23.39.601027 +0530,
78,0,78,[np.float64(0.46125)],[np.float64(-0.08125)],[1],[0],[0],[2.0033049000194296],['target'],78,0,78,0,137.20838109997567,,10,137.19057700003032,137.20838109997567,137.20838109997567,0.013508500065654516,139.19393140007742,[np.float64(0.46125)],[np.float64(-0.08125)],[1],[0],[0],[2.0033049000194296],['target'],P_02,001,2025-09-28_19h23.25.518,Visual search experiment,,2025.1.1,60.51539751690823,2025-09-28 19h23.39.601027 +0530,
79,0,79,[np.float64(0.03875)],[np.float64(0.06)],[1],[0],[0],[1.3680670000612736],['target'],79,0,79,0,139.22443279996514,,10,139.20853269996587,139.22443279996514,139.22443279996514,0.014484499930404127,140.57664550002664,[np.float64(0.03875)],[np.float64(0.06)],[1],[0],[0],[1.3680670000612736],['target'],P_02,001,2025-09-28_19h23.25.518,Visual search experiment,,2025.1.1,60.51539751690823,2025-09-28 19h23.39.601027 +0530,
80,0,80,[np.float64(-0.165)],[np.float64(0.375)],[1],[0],[0],[1.2185887000523508],['target'],80,0,80,0,140.60818400001153,,10,140.59110249998048,140.60818400001153,140.60818400001153,0.014344200026243925,141.80974260007497,[np.float64(-0.165)],[np.float64(0.375)],[1],[0],[0],[1.2185887000523508],['target'],P_02,001,2025-09-28_19h23.25.518,Visual search experiment,,2025.1.1,60.51539751690823,2025-09-28 19h23.39.601027 +0530,
81,0,81,[np.float64(0.13875)],[np.float64(-0.45875)],[1],[0],[0],[2.335789500037208],['target'],81,0,81,0,141.84053519996814,,10,141.82350820000283,141.84053519996814,141.84053519996814,0.013654900016263127,144.1593480000738,[np.float64(0.13875)],[np.float64(-0.45875)],[1],[0],[0],[2.335789500037208],['target'],P_02,001,2025-09-28_19h23.25.518,Visual search experiment,,2025.1.1,60.51539751690823,2025-09-28 19h23.39.601027 +0530,
82,0,82,[np.float64(-0.24625)],[np.float64(0.3625)],[1],[0],[0],[1.2423433000221848],['target'],82,0,82,0,144.17402160004713,,5,144.16738210001495,144.17402160004713,144.17402160004713,0.007924900040961802,145.40978019998875,[np.float64(-0.24625)],[np.float64(0.3625)],[1],[0],[0],[1.2423433000221848],['target'],P_02,001,2025-09-28_19h23.25.518,Visual search experiment,,2025.1.1,60.51539751690823,2025-09-28 19h23.39.601027 +0530,
83,0,83,[np.float64(-0.265)],[np.float64(0.37125)],[1],[0],[0],[1.2673754999414086],['target'],83,0,83,0,145.44042840006296,,10,145.42480050004087,145.44042840006296,145.44042840006296,0.014938400010578334,146.69221999996807,[np.float64(-0.265)],[np.float64(0.37125)],[1],[0],[0],[1.2673754999414086],['target'],P_02,001,2025-09-28_19h23.25.518,Visual search experiment,,2025.1.1,60.51539751690823,2025-09-28 19h23.39.601027 +0530,
84,0,84,[np.float64(0.44375)],[np.float64(-0.45125)],[1],[0],[0],[1.8243053999030963],['target'],84,0,84,0,146.7071908999933,,5,146.7004842000315,146.7071908999933,146.7071908999933,0.008153800037689507,148.5248428999912,[np.float64(0.44375)],[np.float64(-0.45125)],[1],[0],[0],[1.8243053999030963],['target'],P_02,001,2025-09-28_19h23.25.518,Visual search experiment,,2025.1.1,60.51539751690823,2025-09-28 19h23.39.601027 +0530,
85,0,85,[np.float64(-0.2)],[np.float64(0.12)],[1],[0],[0],[1.3250637999735773],['target'],85,0,85,0,148.54032989998814,,5,148.53311159997247,148.54032989998814,148.54032989998814,0.008156799944117665,149.85822379996534,[np.float64(-0.2)],[np.float64(0.12)],[1],[0],[0],[1.3250637999735773],['target'],P_02,001,2025-09-28_19h23.25.518,Visual search experiment,,2025.1.1,60.51539751690823,2025-09-28 19h23.39.601027 +0530,
86,0,86,[np.float64(-0.38625)],[np.float64(-0.3475)],[1],[0],[0],[1.6079553000163287],['target'],86,0,86,0,149.87322599999607,,5,149.8663534000516,149.87322599999607,149.87322599999607,0.008036100072786212,151.4743538000621,[np.float64(-0.38625)],[np.float64(-0.3475)],[1],[0],[0],[1.6079553000163287],['target'],P_02,001,2025-09-28_19h23.25.518,Visual search experiment,,2025.1.1,60.51539751690823,2025-09-28 19h23.39.601027 +0530,
87,0,87,"[np.float64(-0.08375), np.float64(-0.07375)]","[np.float64(-0.3575), np.float64(-0.34875)]","[1, 1]","[0, 0]","[0, 0]","[1.4014769999776036, 2.3183458999264985]","[None, 'target']",87,0,87,0,151.5057567000622,,10,151.48953060002532,151.5057567000622,151.5057567000622,0.015036100056022406,153.80792479997035,"[np.float64(-0.08375), np.float64(-0.07375)]","[np.float64(-0.3575), np.float64(-0.34875)]","[1, 1]","[0, 0]","[0, 0]","[1.4014769999776036, 2.3183458999264985]","[None, 'target']",P_02,001,2025-09-28_19h23.25.518,Visual search experiment,,2025.1.1,60.51539751690823,2025-09-28 19h23.39.601027 +0530,
88,0,88,[np.float64(-0.25875)],[np.float64(-0.38125)],[1],[0],[0],[1.3343428999651223],['target'],88,0,88,0,153.83927440003026,,10,153.82260910002515,153.83927440003026,153.83927440003026,0.014553099987097085,155.1570094000781,[np.float64(-0.25875)],[np.float64(-0.38125)],[1],[0],[0],[1.3343428999651223],['target'],P_02,001,2025-09-28_19h23.25.518,Visual search experiment,,2025.1.1,60.51539751690823,2025-09-28 19h23.39.601027 +0530,
89,0,89,[np.float64(0.37375)],[np.float64(-0.285)],[1],[0],[0],[1.1352270999923348],['target'],89,0,89,0,155.1897333000088,,10,155.17152350000106,155.1897333000088,155.1897333000088,0.014390100026503205,156.30679729999974,[np.float64(0.37375)],[np.float64(-0.285)],[1],[0],[0],[1.1352270999923348],['target'],P_02,001,2025-09-28_19h23.25.518,Visual search experiment,,2025.1.1,60.51539751690823,2025-09-28 19h23.39.601027 +0530,
90,0,90,[np.float64(0.07875)],[np.float64(-0.13625)],[1],[0],[0],[1.3429072999861091],['target'],90,0,90,0,156.32232959999237,,5,156.31473730003927,156.32232959999237,156.32232959999237,0.007821400067768991,157.65769410005305,[np.float64(0.07875)],[np.float64(-0.13625)],[1],[0],[0],[1.3429072999861091],['target'],P_02,001,2025-09-28_19h23.25.518,Visual search experiment,,2025.1.1,60.51539751690823,2025-09-28 19h23.39.601027 +0530,
91,0,91,[np.float64(-0.08)],[np.float64(-0.135)],[1],[0],[0],[1.1009202999994159],['target'],91,0,91,0,157.68872009997722,,10,157.67237889999524,157.68872009997722,157.68872009997722,0.014590300037525594,158.77334690000862,[np.float64(-0.08)],[np.float64(-0.135)],[1],[0],[0],[1.1009202999994159],['target'],P_02,001,2025-09-28_19h23.25.518,Visual search experiment,,2025.1.1,60.51539751690823,2025-09-28 19h23.39.601027 +0530,
92,0,92,"[np.float64(0.35875), np.float64(0.39)]","[np.float64(0.23625), np.float64(0.245)]","[1, 1]","[0, 0]","[0, 0]","[1.418216000078246, 2.3344871000153944]","[None, 'target']",92,0,92,0,158.80506490007974,,10,158.78813800006174,158.80506490007974,158.80506490007974,0.01466960005927831,161.1226760999998,"[np.float64(0.35875), np.float64(0.39)]","[np.float64(0.23625), np.float64(0.245)]","[1, 1]","[0, 0]","[0, 0]","[1.418216000078246, 2.3344871000153944]","[None, 'target']",P_02,001,2025-09-28_19h23.25.518,Visual search experiment,,2025.1.1,60.51539751690823,2025-09-28 19h23.39.601027 +0530,
93,0,93,[np.float64(-0.22)],[np.float64(0.0925)],[1],[0],[0],[1.3084248000523075],['target'],93,0,93,0,161.13835090002976,,5,161.13104730006307,161.13835090002976,161.13835090002976,0.008243500022217631,162.43952140002511,[np.float64(-0.22)],[np.float64(0.0925)],[1],[0],[0],[1.3084248000523075],['target'],P_02,001,2025-09-28_19h23.25.518,Visual search experiment,,2025.1.1,60.51539751690823,2025-09-28 19h23.39.601027 +0530,
94,0,94,[np.float64(0.015)],[np.float64(0.315)],[1],[0],[0],[1.917456499999389],['target'],94,0,94,0,162.47065290005412,,10,162.4550919000758,162.47065290005412,162.47065290005412,0.015491900034248829,164.37259689997882,[np.float64(0.015)],[np.float64(0.315)],[1],[0],[0],[1.917456499999389],['target'],P_02,001,2025-09-28_19h23.25.518,Visual search experiment,,2025.1.1,60.51539751690823,2025-09-28 19h23.39.601027 +0530,
95,0,95,"[np.float64(-0.0175), np.float64(-0.00125)]","[np.float64(-0.0725), np.float64(-0.075)]","[1, 1]","[0, 0]","[0, 0]","[9.773362900014035, 11.523366899928078]","[None, 'target']",95,0,95,0,164.38862910005264,,5,164.38061380002182,164.38862910005264,164.38862910005264,0.007903799996711314,175.90403019997757,"[np.float64(-0.0175), np.float64(-0.00125)]","[np.float64(-0.0725), np.float64(-0.075)]","[1, 1]","[0, 0]","[0, 0]","[9.773362900014035, 11.523366899928078]","[None, 'target']",P_02,001,2025-09-28_19h23.25.518,Visual search experiment,,2025.1.1,60.51539751690823,2025-09-28 19h23.39.601027 +0530,
96,0,96,[np.float64(-0.50375)],[np.float64(0.2525)],[1],[0],[0],[2.9677230999805033],['target'],96,0,96,0,175.93559700006153,,10,175.919017600012,175.93559700006153,175.93559700006153,0.014875699998810887,178.88679220003542,[np.float64(-0.50375)],[np.float64(0.2525)],[1],[0],[0],[2.9677230999805033],['target'],P_02,001,2025-09-28_19h23.25.518,Visual search experiment,,2025.1.1,60.51539751690823,2025-09-28 19h23.39.601027 +0530,
97,0,97,[np.float64(0.475)],[np.float64(0.28875)],[1],[0],[0],[9.807035699952394],['target'],97,0,97,0,178.90260530007072,,5,178.89480070001446,178.90260530007072,178.90260530007072,0.007892000023275614,188.7018891000189,[np.float64(0.475)],[np.float64(0.28875)],[1],[0],[0],[9.807035699952394],['target'],P_02,001,2025-09-28_19h23.25.518,Visual search experiment,,2025.1.1,60.51539751690823,2025-09-28 19h23.39.601027 +0530,
98,0,98,[np.float64(0.1575)],[np.float64(0.39625)],[1],[0],[0],[1.3013393000001088],['target'],98,0,98,0,188.73309320001863,,10,188.71690110000782,188.73309320001863,188.73309320001863,0.014916399959474802,190.01829979999457,[np.float64(0.1575)],[np.float64(0.39625)],[1],[0],[0],[1.3013393000001088],['target'],P_02,001,2025-09-28_19h23.25.518,Visual search experiment,,2025.1.1,60.51539751690823,2025-09-28 19h23.39.601027 +0530,
99,0,99,[np.float64(-0.425)],[np.float64(0.31125)],[1],[0],[0],[1.7082472000038251],['target'],99,0,99,0,190.03387410007417,,5,190.02626399998553,190.03387410007417,190.03387410007417,0.007838499965146184,191.73455779999495,[np.float64(-0.425)],[np.float64(0.31125)],[1],[0],[0],[1.7082472000038251],['target'],P_02,001,2025-09-28_19h23.25.518,Visual search experiment,,2025.1.1,60.51539751690823,2025-09-28 19h23.39.601027 +0530,
100,0,100,[np.float64(0.19125)],[np.float64(0.38375)],[1],[0],[0],[1.3914899999508634],['target'],100,0,100,0,191.75028290005866,,5,191.74269500002265,191.75028290005866,191.75028290005866,0.008039499982260168,193.13423530000728,[np.float64(0.19125)],[np.float64(0.38375)],[1],[0],[0],[1.3914899999508634],['target'],P_02,001,2025-09-28_19h23.25.518,Visual search experiment,,2025.1.1,60.51539751690823,2025-09-28 19h23.39.601027 +0530,
101,0,101,[np.float64(0.365)],[np.float64(-0.2575)],[1],[0],[0],[1.9252769999438897],['target'],101,0,101,0,193.14969240000937,,5,193.14221570000518,193.14969240000937,193.14969240000937,0.007884299964644015,195.06754870002624,[np.float64(0.365)],[np.float64(-0.2575)],[1],[0],[0],[1.9252769999438897],['target'],P_02,001,2025-09-28_19h23.25.518,Visual search experiment,,2025.1.1,60.51539751690823,2025-09-28 19h23.39.601027 +0530,
102,0,102,[np.float64(-0.15125)],[np.float64(0.00375)],[1],[0],[0],[1.2012817000504583],['target'],102,0,102,0,195.09904800006188,,10,195.0822058999911,195.09904800006188,195.09904800006188,0.014567599981091917,196.28353650006466,[np.float64(-0.15125)],[np.float64(0.00375)],[1],[0],[0],[1.2012817000504583],['target'],P_02,001,2025-09-28_19h23.25.518,Visual search experiment,,2025.1.1,60.51539751690823,2025-09-28 19h23.39.601027 +0530,
103,0,103,[np.float64(-0.39875)],[np.float64(0.355)],[1],[0],[0],[1.2092268000124022],['target'],103,0,103,0,196.29904579999857,,5,196.29171410005074,196.29904579999857,196.29904579999857,0.008064300054684281,197.50099390000105,[np.float64(-0.39875)],[np.float64(0.355)],[1],[0],[0],[1.2092268000124022],['target'],P_02,001,2025-09-28_19h23.25.518,Visual search experiment,,2025.1.1,60.51539751690823,2025-09-28 19h23.39.601027 +0530,
104,0,104,"[np.float64(0.01), np.float64(0.01375)]","[np.float64(-0.1075), np.float64(-0.1325)]","[1, 1]","[0, 0]","[0, 0]","[1.6509400999639183, 2.6669060999993235]","[None, 'target']",104,0,104,0,197.53188450005837,,10,197.51571180007886,197.53188450005837,197.53188450005837,0.014623799943365157,200.18267550005112,"[np.float64(0.01), np.float64(0.01375)]","[np.float64(-0.1075), np.float64(-0.1325)]","[1, 1]","[0, 0]","[0, 0]","[1.6509400999639183, 2.6669060999993235]","[None, 'target']",P_02,001,2025-09-28_19h23.25.518,Visual search experiment,,2025.1.1,60.51539751690823,2025-09-28 19h23.39.601027 +0530,
105,0,105,[np.float64(-0.405)],[np.float64(0.45)],[1],[0],[0],[1.4356338999932632],['target'],105,0,105,0,200.2152238000417,,10,200.19756140001118,200.2152238000417,200.2152238000417,0.01472720003221184,201.63324570003897,[np.float64(-0.405)],[np.float64(0.45)],[1],[0],[0],[1.4356338999932632],['target'],P_02,001,2025-09-28_19h23.25.518,Visual search experiment,,2025.1.1,60.51539751690823,2025-09-28 19h23.39.601027 +0530,
106,0,106,"[np.float64(-0.52), np.float64(-0.51)]","[np.float64(-0.48125), np.float64(-0.48625)]","[1, 1]","[0, 0]","[0, 0]","[1.5016004999633878, 2.467304299934767]","[None, 'target']",106,0,106,0,201.66474130004644,,10,201.648504300043,201.66474130004644,201.66474130004644,0.015150499995797873,204.11585279996507,"[np.float64(-0.52), np.float64(-0.51)]","[np.float64(-0.48125), np.float64(-0.48625)]","[1, 1]","[0, 0]","[0, 0]","[1.5016004999633878, 2.467304299934767]","[None, 'target']",P_02,001,2025-09-28_19h23.25.518,Visual search experiment,,2025.1.1,60.51539751690823,2025-09-28 19h23.39.601027 +0530,
107,0,107,[np.float64(-0.505)],[np.float64(-0.33125)],[1],[0],[0],[3.1081551000243053],['target'],107,0,107,0,204.1316912000766,,5,204.12402079999447,204.1316912000766,204.1316912000766,0.008036899962462485,207.2322229000274,[np.float64(-0.505)],[np.float64(-0.33125)],[1],[0],[0],[3.1081551000243053],['target'],P_02,001,2025-09-28_19h23.25.518,Visual search experiment,,2025.1.1,60.51539751690823,2025-09-28 19h23.39.601027 +0530,
108,0,108,"[np.float64(-0.20375), np.float64(-0.2225)]","[np.float64(0.185), np.float64(0.1875)]","[1, 1]","[0, 0]","[0, 0]","[1.6249386999988928, 2.474526899983175]","[None, 'target']",108,0,108,0,207.24753489997238,,5,207.24020510003902,207.24753489997238,207.24753489997238,0.007891900022514164,209.71478200005367,"[np.float64(-0.20375), np.float64(-0.2225)]","[np.float64(0.185), np.float64(0.1875)]","[1, 1]","[0, 0]","[0, 0]","[1.6249386999988928, 2.474526899983175]","[None, 'target']",P_02,001,2025-09-28_19h23.25.518,Visual search experiment,,2025.1.1,60.51539751690823,2025-09-28 19h23.39.601027 +0530,
109,0,109,[np.float64(0.01)],[np.float64(-0.22625)],[1],[0],[0],[1.3250766000710428],['target'],109,0,109,0,209.73067800002173,,5,209.72324159997515,209.73067800002173,209.73067800002173,0.008343299967236817,211.04836869996507,[np.float64(0.01)],[np.float64(-0.22625)],[1],[0],[0],[1.3250766000710428],['target'],P_02,001,2025-09-28_19h23.25.518,Visual search experiment,,2025.1.1,60.51539751690823,2025-09-28 19h23.39.601027 +0530,
110,0,110,[np.float64(0.3075)],[np.float64(0.12125)],[1],[0],[0],[1.7255844000028446],['target'],110,0,110,0,211.06331520003732,,5,211.05634430004284,211.06331520003732,211.06331520003732,0.007881100056692958,212.7819861000171,[np.float64(0.3075)],[np.float64(0.12125)],[1],[0],[0],[1.7255844000028446],['target'],P_02,001,2025-09-28_19h23.25.518,Visual search experiment,,2025.1.1,60.51539751690823,2025-09-28 19h23.39.601027 +0530,
111,0,111,[np.float64(0.315)],[np.float64(0.11)],[1],[0],[0],[0.975520999985747],['target'],111,0,111,0,212.79728539998177,,5,212.78973459999543,212.79728539998177,212.79728539998177,0.007651199935935438,213.76531030004844,[np.float64(0.315)],[np.float64(0.11)],[1],[0],[0],[0.975520999985747],['target'],P_02,001,2025-09-28_19h23.25.518,Visual search experiment,,2025.1.1,60.51539751690823,2025-09-28 19h23.39.601027 +0530,
112,0,112,[np.float64(-0.2675)],[np.float64(0.1475)],[1],[0],[0],[1.4570932999486104],['target'],112,0,112,0,213.77959410008043,,5,213.77333260001615,213.77959410008043,213.77959410008043,0.007929899962618947,215.23047820001375,[np.float64(-0.2675)],[np.float64(0.1475)],[1],[0],[0],[1.4570932999486104],['target'],P_02,001,2025-09-28_19h23.25.518,Visual search experiment,,2025.1.1,60.51539751690823,2025-09-28 19h23.39.601027 +0530,
113,0,113,[np.float64(0.0025)],[np.float64(0.0675)],[1],[0],[0],[1.501544600003399],['target'],113,0,113,0,215.26209820003714,,10,215.24551869998686,215.26209820003714,215.26209820003714,0.014951899996958673,216.74710879998747,[np.float64(0.0025)],[np.float64(0.0675)],[1],[0],[0],[1.501544600003399],['target'],P_02,001,2025-09-28_19h23.25.518,Visual search experiment,,2025.1.1,60.51539751690823,2025-09-28 19h23.39.601027 +0530,
114,0,114,[np.float64(-0.045)],[np.float64(0.10625)],[1],[0],[0],[1.0083990000421181],['target'],114,0,114,0,216.7627055000048,,5,216.7550237000687,216.7627055000048,216.7627055000048,0.007808999973349273,217.76347750006244,[np.float64(-0.045)],[np.float64(0.10625)],[1],[0],[0],[1.0083990000421181],['target'],P_02,001,2025-09-28_19h23.25.518,Visual search experiment,,2025.1.1,60.51539751690823,2025-09-28 19h23.39.601027 +0530,
115,0,115,[np.float64(0.11875)],[np.float64(-0.0025)],[1],[0],[0],[1.3083673999644816],['target'],115,0,115,0,217.77904330007732,,5,217.77146439999342,217.77904330007732,217.77904330007732,0.007892400026321411,219.0798758000601,[np.float64(0.11875)],[np.float64(-0.0025)],[1],[0],[0],[1.3083673999644816],['target'],P_02,001,2025-09-28_19h23.25.518,Visual search experiment,,2025.1.1,60.51539751690823,2025-09-28 19h23.39.601027 +0530,
116,0,116,[np.float64(0.23875)],[np.float64(-0.38)],[1],[0],[0],[4.218535199994221],['target'],116,0,116,0,219.1113922999939,,10,219.09449040004984,219.1113922999939,219.1113922999939,0.014518000069074333,223.3130876000505,[np.float64(0.23875)],[np.float64(-0.38)],[1],[0],[0],[4.218535199994221],['target'],P_02,001,2025-09-28_19h23.25.518,Visual search experiment,,2025.1.1,60.51539751690823,2025-09-28 19h23.39.601027 +0530,
117,0,117,[np.float64(-0.07375)],[np.float64(0.46625)],[1],[0],[0],[1.684441199991852],['target'],117,0,117,0,223.3445534000639,,10,223.32792930002324,223.3445534000639,223.3445534000639,0.014723400003276765,225.0124230000656,[np.float64(-0.07375)],[np.float64(0.46625)],[1],[0],[0],[1.684441199991852],['target'],P_02,001,2025-09-28_19h23.25.518,Visual search experiment,,2025.1.1,60.51539751690823,2025-09-28 19h23.39.601027 +0530,
118,0,118,[np.float64(0.33)],[np.float64(-0.43125)],[1],[0],[0],[2.0195060999831185],['target'],118,0,118,0,225.04451460007112,,10,225.0269779000664,225.04451460007112,225.04451460007112,0.014444499975070357,227.04654570005368,[np.float64(0.33)],[np.float64(-0.43125)],[1],[0],[0],[2.0195060999831185],['target'],P_02,001,2025-09-28_19h23.25.518,Visual search experiment,,2025.1.1,60.51539751690823,2025-09-28 19h23.39.601027 +0530,
119,0,119,[np.float64(0.35)],[np.float64(-0.05375)],[1],[0],[0],[1.390925299958326],['target'],119,0,119,0,227.06084170006216,,5,227.05462259997148,227.06084170006216,227.06084170006216,0.007929199957288802,228.4455948000541,[np.float64(0.35)],[np.float64(-0.05375)],[1],[0],[0],[1.390925299958326],['target'],P_02,001,2025-09-28_19h23.25.518,Visual search experiment,,2025.1.1,60.51539751690823,2025-09-28 19h23.39.601027 +0530,
120,0,120,[np.float64(-0.48625)],[np.float64(0.21875)],[1],[0],[0],[1.5926391000393778],['target'],120,0,120,0,228.46172080002725,,5,228.45264210004825,228.46172080002725,228.46172080002725,0.006955999997444451,230.04533650004305,[np.float64(-0.48625)],[np.float64(0.21875)],[1],[0],[0],[1.5926391000393778],['target'],P_02,001,2025-09-28_19h23.25.518,Visual search experiment,,2025.1.1,60.51539751690823,2025-09-28 19h23.39.601027 +0530,
121,0,121,[np.float64(-0.4325)],[np.float64(0.31375)],[1],[0],[0],[1.4192898999899626],['target'],121,0,121,0,230.07627920003142,,10,230.0588683000533,230.07627920003142,230.07627920003142,0.013439500005915761,231.47820919996593,[np.float64(-0.4325)],[np.float64(0.31375)],[1],[0],[0],[1.4192898999899626],['target'],P_02,001,2025-09-28_19h23.25.518,Visual search experiment,,2025.1.1,60.51539751690823,2025-09-28 19h23.39.601027 +0530,
122,0,122,[np.float64(0.31875)],[np.float64(0.2525)],[1],[0],[0],[1.8683386000338942],['target'],122,0,122,0,231.51030500000343,,10,231.4929528000066,231.51030500000343,231.51030500000343,0.014626799966208637,233.36133960005827,[np.float64(0.31875)],[np.float64(0.2525)],[1],[0],[0],[1.8683386000338942],['target'],P_02,001,2025-09-28_19h23.25.518,Visual search experiment,,2025.1.1,60.51539751690823,2025-09-28 19h23.39.601027 +0530,
123,0,123,[np.float64(0.355)],[np.float64(0.26)],[1],[0],[0],[1.3754189999308437],['target'],123,0,123,0,233.37663990003057,,5,233.36942510004155,233.37663990003057,233.37663990003057,0.007974700070917606,234.74488919996656,[np.float64(0.355)],[np.float64(0.26)],[1],[0],[0],[1.3754189999308437],['target'],P_02,001,2025-09-28_19h23.25.518,Visual search experiment,,2025.1.1,60.51539751690823,2025-09-28 19h23.39.601027 +0530,
124,0,124,"[np.float64(0.295), np.float64(0.31125)]","[np.float64(0.32625), np.float64(0.32625)]","[1, 1]","[0, 0]","[0, 0]","[1.5849462000187486, 2.733992900000885]","[None, 'target']",124,0,124,0,234.77534290007316,,10,234.75969440001063,234.77534290007316,234.77534290007316,0.014711800031363964,237.4937423999654,"[np.float64(0.295), np.float64(0.31125)]","[np.float64(0.32625), np.float64(0.32625)]","[1, 1]","[0, 0]","[0, 0]","[1.5849462000187486, 2.733992900000885]","[None, 'target']",P_02,001,2025-09-28_19h23.25.518,Visual search experiment,,2025.1.1,60.51539751690823,2025-09-28 19h23.39.601027 +0530,
125,0,125,[np.float64(-0.46)],[np.float64(0.07625)],[1],[0],[0],[1.7088207000633702],['target'],125,0,125,0,237.51012800005265,,5,237.5015251999721,237.51012800005265,237.51012800005265,0.0076543999603018165,239.21039690007456,[np.float64(-0.46)],[np.float64(0.07625)],[1],[0],[0],[1.7088207000633702],['target'],P_02,001,2025-09-28_19h23.25.518,Visual search experiment,,2025.1.1,60.51539751690823,2025-09-28 19h23.39.601027 +0530,
126,0,126,[np.float64(-0.465)],[np.float64(0.37875)],[1],[0],[0],[2.3016193999210373],['target'],126,0,126,0,239.24171520001255,,10,239.22508270002436,239.24171520001255,239.24171520001255,0.014593700063414872,241.5267514999723,[np.float64(-0.465)],[np.float64(0.37875)],[1],[0],[0],[2.3016193999210373],['target'],P_02,001,2025-09-28_19h23.25.518,Visual search experiment,,2025.1.1,60.51539751690823,2025-09-28 19h23.39.601027 +0530,
127,0,127,[np.float64(-0.1525)],[np.float64(0.4425)],[1],[0],[0],[1.4854097999632359],['target'],127,0,127,0,241.55800600000657,,10,241.54143670003396,241.55800600000657,241.55800600000657,0.014573400025255978,243.0269006000599,[np.float64(-0.1525)],[np.float64(0.4425)],[1],[0],[0],[1.4854097999632359],['target'],P_02,001,2025-09-28_19h23.25.518,Visual search experiment,,2025.1.1,60.51539751690823,2025-09-28 19h23.39.601027 +0530,
128,0,128,[np.float64(0.3425)],[np.float64(0.3925)],[1],[0],[0],[2.124370799981989],['target'],128,0,128,0,243.0415116000222,,5,243.03492850007024,243.0415116000222,243.0415116000222,0.007915799971669912,245.15935440000612,[np.float64(0.3425)],[np.float64(0.3925)],[1],[0],[0],[2.124370799981989],['target'],P_02,001,2025-09-28_19h23.25.518,Visual search experiment,,2025.1.1,60.51539751690823,2025-09-28 19h23.39.601027 +0530,
129,0,129,[np.float64(0.35625)],[np.float64(-0.02)],[1],[0],[0],[1.9681126999203116],['target'],129,0,129,0,245.19043070008047,,10,245.1742638000287,245.19043070008047,245.19043070008047,0.014813299989327788,247.1424282999942,[np.float64(0.35625)],[np.float64(-0.02)],[1],[0],[0],[1.9681126999203116],['target'],P_02,001,2025-09-28_19h23.25.518,Visual search experiment,,2025.1.1,60.51539751690823,2025-09-28 19h23.39.601027 +0530,
130,0,130,[np.float64(-0.05125)],[np.float64(0.3075)],[1],[0],[0],[1.5080840000882745],['target'],130,0,130,0,247.15818420005962,,5,247.15046240005177,247.15818420005962,247.15818420005962,0.007921200012788177,248.6585980000673,[np.float64(-0.05125)],[np.float64(0.3075)],[1],[0],[0],[1.5080840000882745],['target'],P_02,001,2025-09-28_19h23.25.518,Visual search experiment,,2025.1.1,60.51539751690823,2025-09-28 19h23.39.601027 +0530,
131,0,131,[np.float64(-0.2125)],[np.float64(0.2025)],[1],[0],[0],[1.3186869999626651],['target'],131,0,131,0,248.68989859998692,,10,248.67320910003036,248.68989859998692,248.68989859998692,0.014513600035570562,249.9919433000032,[np.float64(-0.2125)],[np.float64(0.2025)],[1],[0],[0],[1.3186869999626651],['target'],P_02,001,2025-09-28_19h23.25.518,Visual search experiment,,2025.1.1,60.51539751690823,2025-09-28 19h23.39.601027 +0530,
132,0,132,[np.float64(-0.47125)],[np.float64(-0.30875)],[1],[0],[0],[1.5756979000288993],['target'],132,0,132,0,250.006845899974,,5,249.99932579998858,250.006845899974,250.006845899974,0.007266999920830131,251.575074100052,[np.float64(-0.47125)],[np.float64(-0.30875)],[1],[0],[0],[1.5756979000288993],['target'],P_02,001,2025-09-28_19h23.25.518,Visual search experiment,,2025.1.1,60.51539751690823,2025-09-28 19h23.39.601027 +0530,
133,0,133,[np.float64(-0.2175)],[np.float64(0.43)],[1],[0],[0],[2.441160700051114],['target'],133,0,133,0,251.5909858000232,,5,251.58281230006833,251.5909858000232,251.5909858000232,0.007643099990673363,254.02403249999043,[np.float64(-0.2175)],[np.float64(0.43)],[1],[0],[0],[2.441160700051114],['target'],P_02,001,2025-09-28_19h23.25.518,Visual search experiment,,2025.1.1,60.51539751690823,2025-09-28 19h23.39.601027 +0530,
134,0,134,[np.float64(-0.48875)],[np.float64(-0.1625)],[1],[0],[0],[1.6349816001020372],['target'],134,0,134,0,254.0561541999923,,10,254.0396964000538,254.0561541999923,254.0561541999923,0.01555359992198646,255.67472900007851,[np.float64(-0.48875)],[np.float64(-0.1625)],[1],[0],[0],[1.6349816001020372],['target'],P_02,001,2025-09-28_19h23.25.518,Visual search experiment,,2025.1.1,60.51539751690823,2025-09-28 19h23.39.601027 +0530,
135,0,135,[np.float64(-0.12125)],[np.float64(-0.19375)],[1],[0],[0],[1.8256312999874353],['target'],135,0,135,0,255.68957300006878,,5,255.68256880005356,255.68957300006878,255.68957300006878,0.007725300034508109,257.50825239997357,[np.float64(-0.12125)],[np.float64(-0.19375)],[1],[0],[0],[1.8256312999874353],['target'],P_02,001,2025-09-28_19h23.25.518,Visual search experiment,,2025.1.1,60.51539751690823,2025-09-28 19h23.39.601027 +0530,
136,0,136,[np.float64(-0.2425)],[np.float64(-0.4425)],[1],[0],[0],[2.117490899981931],['target'],136,0,136,0,257.5388866000576,,10,257.5229521000292,257.5388866000576,257.5388866000576,0.014607700053602457,259.6404954000609,[np.float64(-0.2425)],[np.float64(-0.4425)],[1],[0],[0],[2.117490899981931],['target'],P_02,001,2025-09-28_19h23.25.518,Visual search experiment,,2025.1.1,60.51539751690823,2025-09-28 19h23.39.601027 +0530,
137,0,137,[np.float64(0.4225)],[np.float64(0.1025)],[1],[0],[0],[2.3583534999052063],['target'],137,0,137,0,259.6559797000373,,5,259.64865570003167,259.6559797000373,259.6559797000373,0.008049700059928,262.00705610006116,[np.float64(0.4225)],[np.float64(0.1025)],[1],[0],[0],[2.3583534999052063],['target'],P_02,001,2025-09-28_19h23.25.518,Visual search experiment,,2025.1.1,60.51539751690823,2025-09-28 19h23.39.601027 +0530,
138,0,138,[np.float64(-0.22625)],[np.float64(0.43625)],[1],[0],[0],[2.1516040000133216],['target'],138,0,138,0,262.0381554000778,,10,262.02124470006675,262.0381554000778,262.0381554000778,0.014096900005824864,264.17289539997,[np.float64(-0.22625)],[np.float64(0.43625)],[1],[0],[0],[2.1516040000133216],['target'],P_02,001,2025-09-28_19h23.25.518,Visual search experiment,,2025.1.1,60.51539751690823,2025-09-28 19h23.39.601027 +0530,
139,0,139,[np.float64(-0.055)],[np.float64(-0.28375)],[1],[0],[0],[2.2017115999478847],['target'],139,0,139,0,264.2044104000088,,10,264.1876199999824,264.2044104000088,264.2044104000088,0.014608699944801629,266.38938269997016,[np.float64(-0.055)],[np.float64(-0.28375)],[1],[0],[0],[2.2017115999478847],['target'],P_02,001,2025-09-28_19h23.25.518,Visual search experiment,,2025.1.1,60.51539751690823,2025-09-28 19h23.39.601027 +0530,
140,0,140,[np.float64(-0.24)],[np.float64(-0.00125)],[1],[0],[0],[1.2352926000021398],['target'],140,0,140,0,266.4208681000164,,10,266.4043674999848,266.4208681000164,266.4208681000164,0.014879100024700165,267.6397120000329,[np.float64(-0.24)],[np.float64(-0.00125)],[1],[0],[0],[1.2352926000021398],['target'],P_02,001,2025-09-28_19h23.25.518,Visual search experiment,,2025.1.1,60.51539751690823,2025-09-28 19h23.39.601027 +0530,
141,0,141,[np.float64(0.45375)],[np.float64(0.2525)],[1],[0],[0],[1.7673917999491096],['target'],141,0,141,0,267.67018390004523,,10,267.65488709998317,267.67018390004523,267.67018390004523,0.015065499930642545,269.4223307999782,[np.float64(0.45375)],[np.float64(0.2525)],[1],[0],[0],[1.7673917999491096],['target'],P_02,001,2025-09-28_19h23.25.518,Visual search experiment,,2025.1.1,60.51539751690823,2025-09-28 19h23.39.601027 +0530,
142,0,142,[np.float64(0.06125)],[np.float64(-0.04)],[1],[0],[0],[1.7421679999679327],['target'],142,0,142,0,269.43710790004116,,5,269.43021100002807,269.43710790004116,269.43710790004116,0.007766399998217821,271.17246010003146,[np.float64(0.06125)],[np.float64(-0.04)],[1],[0],[0],[1.7421679999679327],['target'],P_02,001,2025-09-28_19h23.25.518,Visual search experiment,,2025.1.1,60.51539751690823,2025-09-28 19h23.39.601027 +0530,
143,0,143,[np.float64(0.345)],[np.float64(-0.015)],[1],[0],[0],[1.2576858000829816],['target'],143,0,143,0,271.1870538999792,,5,271.18039790005423,271.1870538999792,271.1870538999792,0.007809200091287494,272.43813330004923,[np.float64(0.345)],[np.float64(-0.015)],[1],[0],[0],[1.2576858000829816],['target'],P_02,001,2025-09-28_19h23.25.518,Visual search experiment,,2025.1.1,60.51539751690823,2025-09-28 19h23.39.601027 +0530,
144,0,144,[np.float64(-0.22375)],[np.float64(-0.29625)],[1],[0],[0],[1.208786099916324],['target'],144,0,144,0,272.45389150001574,,5,272.4461769000627,272.45389150001574,272.45389150001574,0.007944200071506202,273.65500749996863,[np.float64(-0.22375)],[np.float64(-0.29625)],[1],[0],[0],[1.208786099916324],['target'],P_02,001,2025-09-28_19h23.25.518,Visual search experiment,,2025.1.1,60.51539751690823,2025-09-28 19h23.39.601027 +0530,
145,0,145,[np.float64(-0.17125)],[np.float64(0.355)],[1],[0],[0],[1.6013427999569103],['target'],145,0,145,0,273.68591570004355,,10,273.6696242999751,273.68591570004355,273.68591570004355,0.014521299977786839,275.2710262000328,[np.float64(-0.17125)],[np.float64(0.355)],[1],[0],[0],[1.6013427999569103],['target'],P_02,001,2025-09-28_19h23.25.518,Visual search experiment,,2025.1.1,60.51539751690823,2025-09-28 19h23.39.601027 +0530,
146,0,146,[np.float64(0.3775)],[np.float64(-0.4825)],[1],[0],[0],[2.0763736000517383],['target'],146,0,146,0,275.2862380000297,,5,275.2790245000506,275.2862380000297,275.2862380000297,0.007882900070399046,277.3554580999771,[np.float64(0.3775)],[np.float64(-0.4825)],[1],[0],[0],[2.0763736000517383],['target'],P_02,001,2025-09-28_19h23.25.518,Visual search experiment,,2025.1.1,60.51539751690823,2025-09-28 19h23.39.601027 +0530,
147,0,147,[np.float64(-0.38125)],[np.float64(0.08125)],[1],[0],[0],[1.2238919999217615],['target'],147,0,147,0,277.385930199991,,5,277.3635346000083,277.385930199991,277.385930199991,0.007965900003910065,278.58747340005357,[np.float64(-0.38125)],[np.float64(0.08125)],[1],[0],[0],[1.2238919999217615],['target'],P_02,001,2025-09-28_19h23.25.518,Visual search experiment,,2025.1.1,60.51539751690823,2025-09-28 19h23.39.601027 +0530,
148,0,148,[np.float64(-0.045)],[np.float64(-0.08375)],[1],[0],[0],[1.458563799969852],['target'],148,0,148,0,278.6025091999909,,5,278.59557520004455,278.6025091999909,278.6025091999909,0.008010699995793402,280.0541920000687,[np.float64(-0.045)],[np.float64(-0.08375)],[1],[0],[0],[1.458563799969852],['target'],P_02,001,2025-09-28_19h23.25.518,Visual search experiment,,2025.1.1,60.51539751690823,2025-09-28 19h23.39.601027 +0530,
149,0,149,[np.float64(0.42)],[np.float64(-0.39)],[1],[0],[0],[2.0175212000031024],['target'],149,0,149,0,280.0851400999818,,10,280.06893000006676,280.0851400999818,280.0851400999818,0.014645299990661442,282.0864977000747,[np.float64(0.42)],[np.float64(-0.39)],[1],[0],[0],[2.0175212000031024],['target'],P_02,001,2025-09-28_19h23.25.518,Visual search experiment,,2025.1.1,60.51539751690823,2025-09-28 19h23.39.601027 +0530,
150,0,150,[np.float64(-0.24)],[np.float64(-0.28625)],[1],[0],[0],[1.4085423999931663],['target'],150,0,150,0,282.10208059998695,,5,282.094583600061,282.10208059998695,282.10208059998695,0.007978000096045434,283.50317649997305,[np.float64(-0.24)],[np.float64(-0.28625)],[1],[0],[0],[1.4085423999931663],['target'],P_02,001,2025-09-28_19h23.25.518,Visual search experiment,,2025.1.1,60.51539751690823,2025-09-28 19h23.39.601027 +0530,
151,0,151,"[np.float64(-0.085), np.float64(-0.07375)]","[np.float64(0.46375), np.float64(0.46375)]","[1, 1]","[0, 0]","[0, 0]","[1.5410641999915242, 2.5910045999335125]","[None, 'target']",151,0,151,0,283.5180090999929,,5,283.51110520004295,283.5180090999929,283.5180090999929,0.007839200086891651,286.1021583999973,"[np.float64(-0.085), np.float64(-0.07375)]","[np.float64(0.46375), np.float64(0.46375)]","[1, 1]","[0, 0]","[0, 0]","[1.5410641999915242, 2.5910045999335125]","[None, 'target']",P_02,001,2025-09-28_19h23.25.518,Visual search experiment,,2025.1.1,60.51539751690823,2025-09-28 19h23.39.601027 +0530,
152,0,152,[np.float64(0.11)],[np.float64(0.35)],[1],[0],[0],[1.4686911000171676],['target'],152,0,152,0,286.13373970007524,,10,286.1170342999976,286.13373970007524,286.13373970007524,0.014759799931198359,287.5857735000318,[np.float64(0.11)],[np.float64(0.35)],[1],[0],[0],[1.4686911000171676],['target'],P_02,001,2025-09-28_19h23.25.518,Visual search experiment,,2025.1.1,60.51539751690823,2025-09-28 19h23.39.601027 +0530,
153,0,153,[np.float64(0.00875)],[np.float64(-0.30875)],[1],[0],[0],[2.4679029000690207],['target'],153,0,153,0,287.6171350000659,,10,287.6007454000646,287.6171350000659,287.6171350000659,0.014859799994155765,290.06870110007003,[np.float64(0.00875)],[np.float64(-0.30875)],[1],[0],[0],[2.4679029000690207],['target'],P_02,001,2025-09-28_19h23.25.518,Visual search experiment,,2025.1.1,60.51539751690823,2025-09-28 19h23.39.601027 +0530,
154,0,154,[np.float64(0.20375)],[np.float64(0.285)],[1],[0],[0],[3.083857999998145],['target'],154,0,154,0,290.10007010004483,,10,290.08387870003935,290.10007010004483,290.10007010004483,0.015067900065332651,293.16779660002794,[np.float64(0.20375)],[np.float64(0.285)],[1],[0],[0],[3.083857999998145],['target'],P_02,001,2025-09-28_19h23.25.518,Visual search experiment,,2025.1.1,60.51539751690823,2025-09-28 19h23.39.601027 +0530,
155,0,155,[np.float64(0.22875)],[np.float64(-0.25875)],[1],[0],[0],[2.635253799962811],['target'],155,0,155,0,293.1999072000617,,10,293.1824513999745,293.1999072000617,293.1999072000617,0.014534599962644279,295.81775200006086,[np.float64(0.22875)],[np.float64(-0.25875)],[1],[0],[0],[2.635253799962811],['target'],P_02,001,2025-09-28_19h23.25.518,Visual search experiment,,2025.1.1,60.51539751690823,2025-09-28 19h23.39.601027 +0530,
156,0,156,[np.float64(0.25125)],[np.float64(-0.39625)],[1],[0],[0],[1.8094499000580981],['target'],156,0,156,0,295.8332105000736,,5,295.8247368000448,295.8332105000736,295.8332105000736,0.006878599990159273,297.6342383000301,[np.float64(0.25125)],[np.float64(-0.39625)],[1],[0],[0],[1.8094499000580981],['target'],P_02,001,2025-09-28_19h23.25.518,Visual search experiment,,2025.1.1,60.51539751690823,2025-09-28 19h23.39.601027 +0530,
157,0,157,[np.float64(0.08875)],[np.float64(0.12125)],[1],[0],[0],[2.3080702000297606],['target'],157,0,157,0,297.6494941000128,,5,297.6421343999682,297.6494941000128,297.6494941000128,0.007805499946698546,299.9502673000097,[np.float64(0.08875)],[np.float64(0.12125)],[1],[0],[0],[2.3080702000297606],['target'],P_02,001,2025-09-28_19h23.25.518,Visual search experiment,,2025.1.1,60.51539751690823,2025-09-28 19h23.39.601027 +0530,
158,0,158,[np.float64(0.25625)],[np.float64(0.44875)],[1],[0],[0],[1.924460299895145],['target'],158,0,158,0,299.9662673000712,,5,299.95872610004153,299.9662673000712,299.9662673000712,0.008357400074601173,301.88323510007467,[np.float64(0.25625)],[np.float64(0.44875)],[1],[0],[0],[1.924460299895145],['target'],P_02,001,2025-09-28_19h23.25.518,Visual search experiment,,2025.1.1,60.51539751690823,2025-09-28 19h23.39.601027 +0530,
159,0,159,[np.float64(0.08125)],[np.float64(0.45125)],[1],[0],[0],[1.7758122999221087],['target'],159,0,159,0,301.89889169996604,,5,301.89070400001947,301.89889169996604,301.89889169996604,0.0073778999503701925,303.66656609997153,[np.float64(0.08125)],[np.float64(0.45125)],[1],[0],[0],[1.7758122999221087],['target'],P_02,001,2025-09-28_19h23.25.518,Visual search experiment,,2025.1.1,60.51539751690823,2025-09-28 19h23.39.601027 +0530,
160,0,160,[np.float64(-0.485)],[np.float64(-0.24875)],[1],[0],[0],[2.4425854000728577],['target'],160,0,160,0,303.68226660008077,,5,303.673566600075,303.68226660008077,303.68226660008077,0.006912399898283184,306.11621250002645,[np.float64(-0.485)],[np.float64(-0.24875)],[1],[0],[0],[2.4425854000728577],['target'],P_02,001,2025-09-28_19h23.25.518,Visual search experiment,,2025.1.1,60.51539751690823,2025-09-28 19h23.39.601027 +0530,
161,0,161,[np.float64(-0.265)],[np.float64(0.22)],[1],[0],[0],[2.358579899999313],['target'],161,0,161,0,306.13127660006285,,5,306.12334579997696,306.13127660006285,306.13127660006285,0.007049100007861853,308.48197780002374,[np.float64(-0.265)],[np.float64(0.22)],[1],[0],[0],[2.358579899999313],['target'],P_02,001,2025-09-28_19h23.25.518,Visual search experiment,,2025.1.1,60.51539751690823,2025-09-28 19h23.39.601027 +0530,
162,0,162,[np.float64(0.29375)],[np.float64(0.14375)],[1],[0],[0],[3.2020666000898927],['target'],162,0,162,0,308.51416050002445,,10,308.49681699997745,308.51416050002445,308.51416050002445,0.014750099973753095,311.69892730005085,[np.float64(0.29375)],[np.float64(0.14375)],[1],[0],[0],[3.2020666000898927],['target'],P_02,001,2025-09-28_19h23.25.518,Visual search experiment,,2025.1.1,60.51539751690823,2025-09-28 19h23.39.601027 +0530,
163,0,163,[np.float64(-0.18)],[np.float64(0.205)],[1],[0],[0],[1.5188549999147654],['target'],163,0,163,0,311.7305378000019,,10,311.71300560003147,311.7305378000019,311.7305378000019,0.013888900051824749,313.23190770007204,[np.float64(-0.18)],[np.float64(0.205)],[1],[0],[0],[1.5188549999147654],['target'],P_02,001,2025-09-28_19h23.25.518,Visual search experiment,,2025.1.1,60.51539751690823,2025-09-28 19h23.39.601027 +0530,
164,0,164,[np.float64(0.31125)],[np.float64(0.1975)],[1],[0],[0],[1.7687635000329465],['target'],164,0,164,0,313.26329939998686,,10,313.2465308000101,313.26329939998686,313.26329939998686,0.014511600020341575,315.01534290006384,[np.float64(0.31125)],[np.float64(0.1975)],[1],[0],[0],[1.7687635000329465],['target'],P_02,001,2025-09-28_19h23.25.518,Visual search experiment,,2025.1.1,60.51539751690823,2025-09-28 19h23.39.601027 +0530,
165,0,165,[np.float64(-0.24625)],[np.float64(0.42875)],[1],[0],[0],[2.375374900060706],['target'],165,0,165,0,315.029975600075,,5,315.02242190006655,315.029975600075,315.029975600075,0.0069657000713050365,317.397850700072,[np.float64(-0.24625)],[np.float64(0.42875)],[1],[0],[0],[2.375374900060706],['target'],P_02,001,2025-09-28_19h23.25.518,Visual search experiment,,2025.1.1,60.51539751690823,2025-09-28 19h23.39.601027 +0530,
166,0,166,[np.float64(0.3275)],[np.float64(-0.315)],[1],[0],[0],[2.1676830999786034],['target'],166,0,166,0,317.4292852000799,,10,317.41267200000584,317.4292852000799,317.4292852000799,0.014732699957676232,319.5804109000601,[np.float64(0.3275)],[np.float64(-0.315)],[1],[0],[0],[2.1676830999786034],['target'],P_02,001,2025-09-28_19h23.25.518,Visual search experiment,,2025.1.1,60.51539751690823,2025-09-28 19h23.39.601027 +0530,
167,0,167,[np.float64(-0.31125)],[np.float64(-0.09)],[1],[0],[0],[1.6930248000426218],['target'],167,0,167,0,319.5960444000084,,5,319.58761080005206,319.5960444000084,319.5960444000084,0.007086100056767464,321.28068329999223,[np.float64(-0.31125)],[np.float64(-0.09)],[1],[0],[0],[1.6930248000426218],['target'],P_02,001,2025-09-28_19h23.25.518,Visual search experiment,,2025.1.1,60.51539751690823,2025-09-28 19h23.39.601027 +0530,
168,0,168,"[np.float64(0.1675), np.float64(0.16875)]","[np.float64(-0.39), np.float64(-0.4075)]","[1, 1]","[0, 0]","[0, 0]","[2.0076251999707893, 3.1905823999550194]","[None, 'target']",168,0,168,0,321.2959411999909,,5,321.28869549999945,321.2959411999909,321.2959411999909,0.00792230002116412,324.4793311000103,"[np.float64(0.1675), np.float64(0.16875)]","[np.float64(-0.39), np.float64(-0.4075)]","[1, 1]","[0, 0]","[0, 0]","[2.0076251999707893, 3.1905823999550194]","[None, 'target']",P_02,001,2025-09-28_19h23.25.518,Visual search experiment,,2025.1.1,60.51539751690823,2025-09-28 19h23.39.601027 +0530,
169,0,169,"[np.float64(0.1975), np.float64(0.2175)]","[np.float64(-0.45625), np.float64(-0.46375)]","[1, 1]","[0, 0]","[0, 0]","[3.591491299914196, 5.45683309994638]","[None, 'target']",169,0,169,0,324.49502330005635,,5,324.4880186000373,324.49502330005635,324.49502330005635,0.008553100051358342,329.94489819998853,"[np.float64(0.1975), np.float64(0.2175)]","[np.float64(-0.45625), np.float64(-0.46375)]","[1, 1]","[0, 0]","[0, 0]","[3.591491299914196, 5.45683309994638]","[None, 'target']",P_02,001,2025-09-28_19h23.25.518,Visual search experiment,,2025.1.1,60.51539751690823,2025-09-28 19h23.39.601027 +0530,
170,0,170,[np.float64(0.2875)],[np.float64(0.3775)],[1],[0],[0],[2.235113300033845],['target'],170,0,170,0,329.97665059997234,,10,329.9602155999746,329.97665059997234,329.97665059997234,0.015207699965685606,332.1953757000156,[np.float64(0.2875)],[np.float64(0.3775)],[1],[0],[0],[2.235113300033845],['target'],P_02,001,2025-09-28_19h23.25.518,Visual search experiment,,2025.1.1,60.51539751690823,2025-09-28 19h23.39.601027 +0530,
171,0,171,[np.float64(0.24)],[np.float64(0.31)],[1],[0],[0],[2.0246845999499783],['target'],171,0,171,0,332.2102728000609,,5,332.2033742000349,332.2102728000609,332.2102728000609,0.00789110001642257,334.22811110003386,[np.float64(0.24)],[np.float64(0.31)],[1],[0],[0],[2.0246845999499783],['target'],P_02,001,2025-09-28_19h23.25.518,Visual search experiment,,2025.1.1,60.51539751690823,2025-09-28 19h23.39.601027 +0530,
172,0,172,[np.float64(0.3225)],[np.float64(0.4675)],[1],[0],[0],[1.8246964999707416],['target'],172,0,172,0,334.24364060000516,,5,334.23599469999317,334.24364060000516,334.24364060000516,0.007793899974785745,336.0607393999817,[np.float64(0.3225)],[np.float64(0.4675)],[1],[0],[0],[1.8246964999707416],['target'],P_02,001,2025-09-28_19h23.25.518,Visual search experiment,,2025.1.1,60.51539751690823,2025-09-28 19h23.39.601027 +0530,
173,0,173,[np.float64(-0.355)],[np.float64(-0.08)],[1],[0],[0],[2.251377600012347],['target'],173,0,173,0,336.0922432000516,,10,336.0756771999877,336.0922432000516,336.0922432000516,0.014808899955824018,338.32710600004066,[np.float64(-0.355)],[np.float64(-0.08)],[1],[0],[0],[2.251377600012347],['target'],P_02,001,2025-09-28_19h23.25.518,Visual search experiment,,2025.1.1,60.51539751690823,2025-09-28 19h23.39.601027 +0530,
174,0,174,[np.float64(-0.43625)],[np.float64(0.37875)],[1],[0],[0],[2.0089339999249205],['target'],174,0,174,0,338.34363680006936,,5,338.3350219000131,338.34363680006936,338.34363680006936,0.0078029000433161855,340.3440071999794,[np.float64(-0.43625)],[np.float64(0.37875)],[1],[0],[0],[2.0089339999249205],['target'],P_02,001,2025-09-28_19h23.25.518,Visual search experiment,,2025.1.1,60.51539751690823,2025-09-28 19h23.39.601027 +0530,
175,0,175,[np.float64(0.455)],[np.float64(0.26375)],[1],[0],[0],[2.674792699981481],['target'],175,0,175,0,340.3588118000189,,5,340.3519387000706,340.3588118000189,340.3588118000189,0.007842899998649955,343.0267930000555,[np.float64(0.455)],[np.float64(0.26375)],[1],[0],[0],[2.674792699981481],['target'],P_02,001,2025-09-28_19h23.25.518,Visual search experiment,,2025.1.1,60.51539751690823,2025-09-28 19h23.39.601027 +0530,
176,0,176,[np.float64(0.21375)],[np.float64(0.18875)],[1],[0],[0],[1.958869899972342],['target'],176,0,176,0,343.04247420001775,,5,343.0340060000308,343.04247420001775,343.04247420001775,0.007127800025045872,344.99292400002014,[np.float64(0.21375)],[np.float64(0.18875)],[1],[0],[0],[1.958869899972342],['target'],P_02,001,2025-09-28_19h23.25.518,Visual search experiment,,2025.1.1,60.51539751690823,2025-09-28 19h23.39.601027 +0530,
177,0,177,[np.float64(-0.00625)],[np.float64(0.1)],[1],[0],[0],[1.8682679999619722],['target'],177,0,177,0,345.0244388000574,,10,345.0079400000395,345.0244388000574,345.0244388000574,0.014922600006684661,346.87625390000176,[np.float64(-0.00625)],[np.float64(0.1)],[1],[0],[0],[1.8682679999619722],['target'],P_02,001,2025-09-28_19h23.25.518,Visual search experiment,,2025.1.1,60.51539751690823,2025-09-28 19h23.39.601027 +0530,
178,0,178,[np.float64(-0.4225)],[np.float64(-0.10875)],[1],[0],[0],[3.641165400040336],['target'],178,0,178,0,346.8914224000182,,5,346.8842273000628,346.8914224000182,346.8914224000182,0.007863800041377544,350.5254402999999,[np.float64(-0.4225)],[np.float64(-0.10875)],[1],[0],[0],[3.641165400040336],['target'],P_02,001,2025-09-28_19h23.25.518,Visual search experiment,,2025.1.1,60.51539751690823,2025-09-28 19h23.39.601027 +0530,
179,0,179,"[np.float64(-0.52375), np.float64(-0.5025)]","[np.float64(0.0525), np.float64(0.05375)]","[1, 1]","[0, 0]","[0, 0]","[1.591446099919267, 2.4416507999412715]","[None, 'target']",179,0,179,0,350.5409059000667,,5,350.5333169000223,350.5409059000667,350.5409059000667,0.007784300018101931,352.97501569997985,"[np.float64(-0.52375), np.float64(-0.5025)]","[np.float64(0.0525), np.float64(0.05375)]","[1, 1]","[0, 0]","[0, 0]","[1.591446099919267, 2.4416507999412715]","[None, 'target']",P_02,001,2025-09-28_19h23.25.518,Visual search experiment,,2025.1.1,60.51539751690823,2025-09-28 19h23.39.601027 +0530,
180,0,180,"[np.float64(-0.26875), np.float64(-0.24875)]","[np.float64(-0.0775), np.float64(-0.07875)]","[1, 1]","[0, 0]","[0, 0]","[2.388260000036098, 3.384144000010565]","[None, 'target']",180,0,180,0,353.0070118000731,,10,352.99025110004004,353.0070118000731,353.0070118000731,0.015129100065678358,356.3744433000684,"[np.float64(-0.26875), np.float64(-0.24875)]","[np.float64(-0.0775), np.float64(-0.07875)]","[1, 1]","[0, 0]","[0, 0]","[2.388260000036098, 3.384144000010565]","[None, 'target']",P_02,001,2025-09-28_19h23.25.518,Visual search experiment,,2025.1.1,60.51539751690823,2025-09-28 19h23.39.601027 +0530,
181,0,181,[np.float64(-0.255)],[np.float64(-0.10875)],[1],[0],[0],[1.2083482999587432],['target'],181,0,181,0,356.3899893000489,,5,356.3827369000064,356.3899893000489,356.3899893000489,0.00816059997305274,357.59113209997304,[np.float64(-0.255)],[np.float64(-0.10875)],[1],[0],[0],[1.2083482999587432],['target'],P_02,001,2025-09-28_19h23.25.518,Visual search experiment,,2025.1.1,60.51539751690823,2025-09-28 19h23.39.601027 +0530,
182,0,182,[np.float64(-0.205)],[np.float64(-0.45875)],[1],[0],[0],[3.001656600041315],['target'],182,0,182,0,357.6222417000681,,10,357.6057186999824,357.6222417000681,357.6222417000681,0.01449869992211461,360.60743289999664,[np.float64(-0.205)],[np.float64(-0.45875)],[1],[0],[0],[3.001656600041315],['target'],P_02,001,2025-09-28_19h23.25.518,Visual search experiment,,2025.1.1,60.51539751690823,2025-09-28 19h23.39.601027 +0530,
183,0,183,"[np.float64(0.34375), np.float64(0.365)]","[np.float64(-0.3675), np.float64(-0.36625)]","[1, 1]","[0, 0]","[0, 0]","[2.584509899956174, 3.634185399976559]","[None, 'target']",183,0,183,0,360.63837499998044,,10,360.62228580005467,360.63837499998044,360.63837499998044,0.014741800026968122,364.25651850004215,"[np.float64(0.34375), np.float64(0.365)]","[np.float64(-0.3675), np.float64(-0.36625)]","[1, 1]","[0, 0]","[0, 0]","[2.584509899956174, 3.634185399976559]","[None, 'target']",P_02,001,2025-09-28_19h23.25.518,Visual search experiment,,2025.1.1,60.51539751690823,2025-09-28 19h23.39.601027 +0530,
184,0,184,[np.float64(-0.10375)],[np.float64(0.335)],[1],[0],[0],[2.341758899972774],['target'],184,0,184,0,364.27167000004556,,5,364.2647135000443,364.27167000004556,364.27167000004556,0.008061200031079352,366.6065202000318,[np.float64(-0.10375)],[np.float64(0.335)],[1],[0],[0],[2.341758899972774],['target'],P_02,001,2025-09-28_19h23.25.518,Visual search experiment,,2025.1.1,60.51539751690823,2025-09-28 19h23.39.601027 +0530,
185,0,185,[np.float64(-0.415)],[np.float64(0.1)],[1],[0],[0],[2.124853100045584],['target'],185,0,185,0,366.62162740004715,,5,366.6143958000466,366.62162740004715,366.62162740004715,0.007785700028762221,368.7393063000636,[np.float64(-0.415)],[np.float64(0.1)],[1],[0],[0],[2.124853100045584],['target'],P_02,001,2025-09-28_19h23.25.518,Visual search experiment,,2025.1.1,60.51539751690823,2025-09-28 19h23.39.601027 +0530,
186,0,186,[np.float64(-0.02)],[np.float64(-0.08125)],[1],[0],[0],[1.5017509999452159],['target'],186,0,186,0,368.7707722000778,,10,368.75412840000354,368.7707722000778,368.7707722000778,0.014731799950823188,370.2559276999673,[np.float64(-0.02)],[np.float64(-0.08125)],[1],[0],[0],[1.5017509999452159],['target'],P_02,001,2025-09-28_19h23.25.518,Visual search experiment,,2025.1.1,60.51539751690823,2025-09-28 19h23.39.601027 +0530,
187,0,187,[np.float64(-0.055)],[np.float64(-0.04)],[1],[0],[0],[1.5073305000551045],['target'],187,0,187,0,370.2716802000068,,5,370.26410440006293,370.2716802000068,370.2716802000068,0.008061200031079352,371.7714898000704,[np.float64(-0.055)],[np.float64(-0.04)],[1],[0],[0],[1.5073305000551045],['target'],P_02,001,2025-09-28_19h23.25.518,Visual search experiment,,2025.1.1,60.51539751690823,2025-09-28 19h23.39.601027 +0530,
188,0,188,[np.float64(0.37)],[np.float64(-0.12625)],[1],[0],[0],[3.0251663000090048],['target'],188,0,188,0,371.7869886000408,,5,371.7795923000667,371.7869886000408,371.7869886000408,0.007988000055775046,374.8048082999885,[np.float64(0.37)],[np.float64(-0.12625)],[1],[0],[0],[3.0251663000090048],['target'],P_02,001,2025-09-28_19h23.25.518,Visual search experiment,,2025.1.1,60.51539751690823,2025-09-28 19h23.39.601027 +0530,
189,0,189,[np.float64(-0.4875)],[np.float64(-0.32875)],[1],[0],[0],[2.4354309999616817],['target'],189,0,189,0,374.836427000002,,10,374.8185255000135,374.836427000002,374.836427000002,0.01363970001693815,377.25402330001816,[np.float64(-0.4875)],[np.float64(-0.32875)],[1],[0],[0],[2.4354309999616817],['target'],P_02,001,2025-09-28_19h23.25.518,Visual search experiment,,2025.1.1,60.51539751690823,2025-09-28 19h23.39.601027 +0530,
190,0,190,[np.float64(0.16125)],[np.float64(-0.1975)],[1],[0],[0],[1.7425586000317708],['target'],190,0,190,0,377.26953240006696,,5,377.2622867000755,377.26953240006696,377.26953240006696,0.008137899916619062,379.0048966000322,[np.float64(0.16125)],[np.float64(-0.1975)],[1],[0],[0],[1.7425586000317708],['target'],P_02,001,2025-09-28_19h23.25.518,Visual search experiment,,2025.1.1,60.51539751690823,2025-09-28 19h23.39.601027 +0530,
191,0,191,[np.float64(0.51)],[np.float64(0.095)],[1],[0],[0],[2.6676278000231832],['target'],191,0,191,0,379.03536930005066,,10,379.01961209997535,379.03536930005066,379.03536930005066,0.014624299947172403,381.6872736000223,[np.float64(0.51)],[np.float64(0.095)],[1],[0],[0],[2.6676278000231832],['target'],P_02,001,2025-09-28_19h23.25.518,Visual search experiment,,2025.1.1,60.51539751690823,2025-09-28 19h23.39.601027 +0530,
192,0,192,[np.float64(-0.29875)],[np.float64(0.33)],[1],[0],[0],[1.6578677999787033],['target'],192,0,192,0,381.70248300000094,,5,381.6953996999655,381.70248300000094,381.70248300000094,0.008019599947147071,383.3533191999886,[np.float64(-0.29875)],[np.float64(0.33)],[1],[0],[0],[1.6578677999787033],['target'],P_02,001,2025-09-28_19h23.25.518,Visual search experiment,,2025.1.1,60.51539751690823,2025-09-28 19h23.39.601027 +0530,
193,0,193,"[np.float64(-0.44125), np.float64(-0.44125)]","[np.float64(0.2025), np.float64(0.1825)]","[1, 1]","[0, 0]","[0, 0]","[3.091406899970025, 4.724190399982035]","[None, 'target']",193,0,193,0,383.36874389997683,,5,383.3617657000432,383.36874389997683,383.36874389997683,0.008336500031873584,388.08600999997,"[np.float64(-0.44125), np.float64(-0.44125)]","[np.float64(0.2025), np.float64(0.1825)]","[1, 1]","[0, 0]","[0, 0]","[3.091406899970025, 4.724190399982035]","[None, 'target']",P_02,001,2025-09-28_19h23.25.518,Visual search experiment,,2025.1.1,60.51539751690823,2025-09-28 19h23.39.601027 +0530,
194,0,194,[np.float64(-0.19875)],[np.float64(0.4675)],[1],[0],[0],[1.5839582999469712],['target'],194,0,194,0,388.117606600048,,10,388.10146899998654,388.117606600048,388.117606600048,0.0153524000197649,389.68547560006846,[np.float64(-0.19875)],[np.float64(0.4675)],[1],[0],[0],[1.5839582999469712],['target'],P_02,001,2025-09-28_19h23.25.518,Visual search experiment,,2025.1.1,60.51539751690823,2025-09-28 19h23.39.601027 +0530,
195,0,195,[np.float64(0.21375)],[np.float64(-0.36375)],[1],[0],[0],[14.51694929995574],['target'],195,0,195,0,389.717688200064,,10,389.70007969997823,389.717688200064,389.717688200064,0.014495300012640655,404.2170796999708,[np.float64(0.21375)],[np.float64(-0.36375)],[1],[0],[0],[14.51694929995574],['target'],P_02,001,2025-09-28_19h23.25.518,Visual search experiment,,2025.1.1,60.51539751690823,2025-09-28 19h23.39.601027 +0530,
196,0,196,[np.float64(-0.02)],[np.float64(-0.08)],[1],[0],[0],[1.8418144000461325],['target'],196,0,196,0,404.2320968999993,,5,404.22502760007046,404.2320968999993,404.2320968999993,0.007836700067855418,406.0668891000096,[np.float64(-0.02)],[np.float64(-0.08)],[1],[0],[0],[1.8418144000461325],['target'],P_02,001,2025-09-28_19h23.25.518,Visual search experiment,,2025.1.1,60.51539751690823,2025-09-28 19h23.39.601027 +0530,
197,0,197,[np.float64(-0.4125)],[np.float64(0.1425)],[1],[0],[0],[1.917794800014235],['target'],197,0,197,0,406.0979893000331,,10,406.0815888000652,406.0979893000331,406.0979893000331,0.014605799922719598,407.9994296000805,[np.float64(-0.4125)],[np.float64(0.1425)],[1],[0],[0],[1.917794800014235],['target'],P_02,001,2025-09-28_19h23.25.518,Visual search experiment,,2025.1.1,60.51539751690823,2025-09-28 19h23.39.601027 +0530,
198,0,198,[np.float64(-0.285)],[np.float64(0.33)],[1],[0],[0],[1.9672752000624314],['target'],198,0,198,0,408.03078260004986,,10,408.0146441999823,408.03078260004986,408.03078260004986,0.015107700019143522,409.9819639000343,[np.float64(-0.285)],[np.float64(0.33)],[1],[0],[0],[1.9672752000624314],['target'],P_02,001,2025-09-28_19h23.25.518,Visual search experiment,,2025.1.1,60.51539751690823,2025-09-28 19h23.39.601027 +0530,
199,0,199,[np.float64(-0.355)],[np.float64(-0.02125)],[1],[0],[0],[1.8256955998949707],['target'],199,0,199,0,409.9981750000734,,5,409.98997600004077,409.9981750000734,409.9981750000734,0.007905600010417402,411.81571920006536,[np.float64(-0.355)],[np.float64(-0.02125)],[1],[0],[0],[1.8256955998949707],['target'],P_02,001,2025-09-28_19h23.25.518,Visual search experiment,,2025.1.1,60.51539751690823,2025-09-28 19h23.39.601027 +0530,
